timestamp,device_name,dev_eui,temperature,humidity,f1_415nm,f2_445nm,f3_480nm,f4_515nm,f5_555nm,f6_590nm,f7_630nm,f8_680nm
2025-07-07T11:27:57.563995,SENSOR_NODE_01,a000000000000001,25.7,39.0,45400,55600,21864,12792,65452,16776,39992,14892
2025-07-07T11:28:03.167812,SENSOR_NODE_01,a000000000000001,25.7,39.0,45200,55200,21364,11792,58252,14176,38992,13992
2025-07-07T11:28:08.798793,SENSOR_NODE_01,a000000000000001,25.7,39.0,45600,55700,22364,13392,2616,16376,40492,15792
2025-07-07T11:28:14.404097,SENSOR_NODE_01,a000000000000001,25.8,38.5,45800,55900,22664,13592,6516,18176,40892,16192
2025-07-07T11:28:20.041140,SENSOR_NODE_01,a000000000000001,25.7,38.5,45400,55600,21964,12592,62352,13576,39692,14992
2025-07-07T11:28:25.664750,SENSOR_NODE_01,a000000000000001,25.8,38.5,45000,55000,21064,11192,50152,7976,37792,12392
2025-07-07T11:28:31.292851,SENSOR_NODE_01,a000000000000001,25.7,38.5,44700,54700,20664,10892,46852,4076,37792,12092
2025-07-07T11:28:37.038274,SENSOR_NODE_01,a000000000000001,25.7,38.5,44800,54700,20664,10892,46752,4176,37392,11892
2025-07-07T11:28:42.542415,SENSOR_NODE_01,a000000000000001,25.8,38.5,44500,54500,20264,10292,41152,1776,36692,10992
2025-07-07T11:28:48.166078,SENSOR_NODE_01,a000000000000001,25.7,38.5,44300,54100,19864,9692,35252,65512,35392,9392
2025-07-07T11:28:53.827392,SENSOR_NODE_01,a000000000000001,25.7,38.5,44200,54100,19564,9292,31952,64912,35892,9892
2025-07-07T11:28:59.423819,SENSOR_NODE_01,a000000000000001,25.7,38.5,44700,54700,20764,10992,46452,3176,37392,11692
2025-07-07T11:29:05.098142,SENSOR_NODE_01,a000000000000001,25.8,38.5,44900,54800,20664,10892,46552,5576,37492,11992
2025-07-07T11:29:10.664570,SENSOR_NODE_01,a000000000000001,25.7,38.5,15028,48792,19220,8548,32096,46424,63212,63076
2025-07-07T11:29:16.301353,SENSOR_NODE_01,a000000000000001,25.8,39.5,13028,45392,12320,3348,4096,40024,58612,57076
2025-07-07T11:29:21.908666,SENSOR_NODE_01,a000000000000001,25.8,39.0,16628,51992,17820,348,24668,19824,53712,55676
2025-07-07T11:29:27.531697,SENSOR_NODE_01,a000000000000001,25.8,39.0,59928,30192,64356,44484,11108,34888,60448,39040
2025-07-07T11:29:33.166836,SENSOR_NODE_01,a000000000000001,25.8,39.0,15828,29592,55756,41284,60232,8960,8212,33876
2025-07-07T11:29:38.888568,SENSOR_NODE_01,a000000000000001,25.8,38.5,17764,49164,45028,39056,28856,4032,48320,37484
2025-07-07T11:29:44.422135,SENSOR_NODE_01,a000000000000001,25.8,38.5,14264,42964,35628,33756,52892,58568,36220,16684
2025-07-07T11:29:50.119283,SENSOR_NODE_01,a000000000000001,25.8,38.5,11964,39264,30128,30256,21692,47168,26320,1084
2025-07-07T11:29:55.660882,SENSOR_NODE_01,a000000000000001,25.8,38.5,10064,36164,25828,27456,61628,37368,23920,58720
2025-07-07T11:30:01.290970,SENSOR_NODE_01,a000000000000001,25.8,38.5,8764,33964,22828,25156,43828,30368,20220,51920
2025-07-07T11:30:06.944728,SENSOR_NODE_01,a000000000000001,25.8,38.5,6764,30664,18028,19156,2928,17168,9620,37320
2025-07-07T11:30:12.561272,SENSOR_NODE_01,a000000000000001,25.8,38.5,55200,9764,52164,38192,13080,47712,18356,26556
2025-07-07T11:30:18.208840,SENSOR_NODE_01,a000000000000001,25.8,38.5,664,23264,7028,5356,63436,10304,59156,13120
2025-07-07T11:30:23.780600,SENSOR_NODE_01,a000000000000001,25.8,38.5,55800,10264,53064,41692,53480,4376,16056,21456
2025-07-07T11:30:29.443685,SENSOR_NODE_01,a000000000000001,25.8,38.5,3164,26064,11028,12256,64,53504,1320,21020
2025-07-07T11:30:35.047635,SENSOR_NODE_01,a000000000000001,25.7,38.5,4464,28364,12628,14056,23964,6568,62456,21220
2025-07-07T11:30:40.705459,SENSOR_NODE_01,a000000000000001,25.7,39.0,7064,31264,17728,21556,6128,24968,12120,36520
2025-07-07T11:30:46.473075,SENSOR_NODE_01,a000000000000001,25.8,39.0,7464,32464,19528,24256,9928,26768,14720,38620
2025-07-07T11:30:52.001402,SENSOR_NODE_01,a000000000000001,25.8,39.0,5164,29064,14928,17756,35164,6568,6820,28520
2025-07-07T11:30:57.593339,SENSOR_NODE_01,a000000000000001,25.8,39.0,5364,29364,15028,18156,40364,10968,7420,29220
2025-07-07T11:31:03.238216,SENSOR_NODE_01,a000000000000001,25.8,39.0,5464,28564,12628,14056,25664,10168,63456,20520
2025-07-07T11:31:08.788573,SENSOR_NODE_01,a000000000000001,25.8,39.0,65300,21164,1028,64092,29336,10304,47456,3220
2025-07-07T11:31:14.411411,SENSOR_NODE_01,a000000000000001,25.7,39.0,4264,27064,10228,11456,2264,62004,62056,18520
2025-07-07T11:31:20.040405,SENSOR_NODE_01,a000000000000001,25.8,39.0,4664,26864,10928,11256,4864,2568,11920,35420
2025-07-07T11:31:25.796779,SENSOR_NODE_01,a000000000000001,25.8,38.5,864,22164,2928,856,31636,47904,47956,1320
2025-07-07T11:31:31.323220,SENSOR_NODE_01,a000000000000001,25.8,38.5,64300,20064,64064,60992,46772,2004,37556,54556
2025-07-07T11:31:37.031945,SENSOR_NODE_01,a000000000000001,25.8,38.5,964,22364,3528,1356,38736,58504,47656,1020
2025-07-07T11:31:42.587157,SENSOR_NODE_01,a000000000000001,25.8,38.5,3064,24764,6528,5256,21200,22568,55156,8820
2025-07-07T11:31:48.322194,SENSOR_NODE_01,a000000000000001,25.8,38.5,65300,20364,1128,63392,236,31604,42156,59556
2025-07-07T11:31:53.789375,SENSOR_NODE_01,a000000000000001,25.8,38.5,4364,27264,11128,11756,10364,38768,64156,18720
2025-07-07T11:31:59.577121,SENSOR_NODE_01,a000000000000001,25.8,38.5,764,21864,3028,756,19836,34304,47056,220
2025-07-07T11:32:05.043008,SENSOR_NODE_01,a000000000000001,25.8,38.5,64000,18064,63064,58392,5836,42904,34156,49256
2025-07-07T11:32:10.670960,SENSOR_NODE_01,a000000000000001,25.8,38.5,65100,20064,65464,61292,25736,60204,42456,58956
2025-07-07T11:32:16.376706,SENSOR_NODE_01,a000000000000001,25.8,38.5,4764,27764,12228,13756,38564,45768,62456,15820
2025-07-07T11:32:21.917029,SENSOR_NODE_01,a000000000000001,25.8,38.5,3864,26264,9428,9156,8764,43568,60856,13520
2025-07-07T11:32:27.539895,SENSOR_NODE_01,a000000000000001,25.8,38.5,4164,26764,9928,10256,18364,48768,61156,13920
2025-07-07T11:32:33.378949,SENSOR_NODE_01,a000000000000001,25.8,38.5,3964,26264,9328,9156,7064,42568,59456,12520
2025-07-07T11:32:38.907491,SENSOR_NODE_01,a000000000000001,25.8,38.5,3964,26564,9928,10456,264,31568,61956,16120
2025-07-07T11:32:44.415372,SENSOR_NODE_01,a000000000000001,25.8,38.5,2164,23664,5328,3356,24300,22768,51556,3420
2025-07-07T11:32:50.171663,SENSOR_NODE_01,a000000000000001,25.8,38.5,6564,30064,15328,17556,16428,3832,4620,24620
2025-07-07T11:32:55.699556,SENSOR_NODE_01,a000000000000001,25.8,38.5,57300,8264,47064,35492,9708,21440,9656,22556
2025-07-07T11:33:01.376986,SENSOR_NODE_01,a000000000000001,25.8,38.5,24064,57064,57628,47256,59356,26632,1484,7248
2025-07-07T11:33:06.911417,SENSOR_NODE_01,a000000000000001,25.8,38.5,23864,55164,55428,51356,50420,49432,59820,56884
2025-07-07T11:33:12.536983,SENSOR_NODE_01,a000000000000001,25.8,38.5,21664,52664,50628,47656,15320,36032,61120,56384
2025-07-07T11:33:18.164076,SENSOR_NODE_01,a000000000000001,25.8,38.5,16564,45964,39828,33756,19392,27168,35720,26684
2025-07-07T11:33:23.963754,SENSOR_NODE_01,a000000000000001,25.8,38.5,20764,50964,49528,46756,3220,17632,59520,53184
2025-07-07T11:33:29.418023,SENSOR_NODE_01,a000000000000001,25.8,39.0,20564,50864,49328,46756,1220,15832,59420,52884
2025-07-07T11:33:35.045437,SENSOR_NODE_01,a000000000000001,25.8,39.0,4464,30664,15428,1756,48872,1840,58356,42920
2025-07-07T11:33:40.659831,SENSOR_NODE_01,a000000000000001,25.8,38.5,14964,43564,36328,30256,42528,3468,33220,24384
2025-07-07T11:33:46.306060,SENSOR_NODE_01,a000000000000001,25.8,38.5,9364,37164,25828,17356,54900,10004,15020,3184
2025-07-07T11:33:52.027266,SENSOR_NODE_01,a000000000000001,25.8,38.5,14464,42764,35928,30556,53028,12968,34120,23884
2025-07-07T11:33:57.540951,SENSOR_NODE_01,a000000000000001,25.8,38.5,15964,44864,39128,34656,23392,28568,37620,27984
2025-07-07T11:34:03.160720,SENSOR_NODE_01,a000000000000001,25.8,38.5,12964,40564,32528,25256,7828,48704,27620,15584
2025-07-07T11:34:08.823353,SENSOR_NODE_01,a000000000000001,25.8,38.5,14064,42564,35028,28456,30928,62304,31220,19784
2025-07-07T11:34:14.417968,SENSOR_NODE_01,a000000000000001,25.8,39.0,15864,44464,38128,32456,3892,17968,41320,31284
2025-07-07T11:34:20.085099,SENSOR_NODE_01,a000000000000001,25.8,39.0,18064,47064,43028,38756,24456,1032,43020,32184
2025-07-07T11:34:25.669218,SENSOR_NODE_01,a000000000000001,25.8,38.5,63700,19964,228,44792,64608,4840,48856,26420
2025-07-07T11:34:31.293362,SENSOR_NODE_01,a000000000000001,25.8,38.5,11164,38264,28728,20256,45964,38104,3820,52020
2025-07-07T11:34:37.078829,SENSOR_NODE_01,a000000000000001,25.8,38.5,13464,41564,34028,27456,30328,62004,28220,16184
2025-07-07T11:34:42.545196,SENSOR_NODE_01,a000000000000001,25.8,38.5,11364,38764,29228,21156,47964,36104,22020,9484
2025-07-07T11:34:48.339112,SENSOR_NODE_01,a000000000000001,25.8,38.5,7964,33964,21728,9756,9500,54140,31756,5420
2025-07-07T11:34:53.785333,SENSOR_NODE_01,a000000000000001,25.8,38.5,8564,35164,23828,13456,18300,51440,7820,57220
2025-07-07T11:34:59.439014,SENSOR_NODE_01,a000000000000001,25.8,38.5,10964,37664,27928,19756,7564,13904,19520,6384
2025-07-07T11:35:05.040539,SENSOR_NODE_01,a000000000000001,25.8,38.5,10864,37864,27828,19856,20864,21504,21020,8684
2025-07-07T11:35:10.662125,SENSOR_NODE_01,a000000000000001,25.8,38.5,12164,40064,31028,24556,42864,32304,25320,12584
2025-07-07T11:35:16.283997,SENSOR_NODE_01,a000000000000001,25.8,38.5,14064,42264,34928,29556,41528,5368,27620,15084
2025-07-07T11:35:22.133078,SENSOR_NODE_01,a000000000000001,25.8,38.5,11064,37664,27628,19156,30264,28704,22420,9384
2025-07-07T11:35:27.534186,SENSOR_NODE_01,a000000000000001,25.8,38.5,13164,40764,32628,26356,16428,52904,26020,13084
2025-07-07T11:35:33.162795,SENSOR_NODE_01,a000000000000001,25.8,38.5,12164,39664,30428,23256,60264,47604,23520,10184
2025-07-07T11:35:38.788422,SENSOR_NODE_01,a000000000000001,25.8,38.5,13064,40764,32328,25756,9228,53504,40420,28884
2025-07-07T11:35:44.409436,SENSOR_NODE_01,a000000000000001,25.8,39.0,7464,33764,21928,11656,36800,7104,10220,59320
2025-07-07T11:35:50.191325,SENSOR_NODE_01,a000000000000001,25.8,39.0,17464,45964,41628,37756,59992,50768,42820,31484
2025-07-07T11:35:55.664823,SENSOR_NODE_01,a000000000000001,25.8,39.0,764,24964,7728,55892,40972,19240,40756,15920
2025-07-07T11:36:01.282385,SENSOR_NODE_01,a000000000000001,25.8,38.5,4864,30664,17228,3356,56636,55040,61456,38920
2025-07-07T11:36:07.296115,SENSOR_NODE_01,a000000000000001,25.8,38.5,6864,33464,21928,9456,31900,6704,4820,48520
2025-07-07T11:36:12.530535,SENSOR_NODE_01,a000000000000001,25.8,38.5,13264,40964,33828,25256,30228,9168,29020,12584
2025-07-07T11:36:18.158951,SENSOR_NODE_01,a000000000000001,25.8,38.5,3164,28664,13528,64892,20136,35440,56456,34020
2025-07-07T11:36:23.983093,SENSOR_NODE_01,a000000000000001,25.8,38.5,7464,32764,21228,9156,64700,27904,10320,56820
2025-07-07T11:36:29.414085,SENSOR_NODE_01,a000000000000001,25.8,38.5,13064,39964,31728,24556,13928,57104,26220,11984
2025-07-07T11:36:35.253102,SENSOR_NODE_01,a000000000000001,25.7,38.5,12064,39364,30928,23456,36128,10968,24620,8184
2025-07-07T11:36:40.659724,SENSOR_NODE_01,a000000000000001,25.7,38.5,17964,46764,42328,39056,6656,56968,43720,31284
2025-07-07T11:36:46.308957,SENSOR_NODE_01,a000000000000001,25.8,38.5,11264,37964,29028,20856,17628,1168,18520,65420
2025-07-07T11:36:52.042730,SENSOR_NODE_01,a000000000000001,25.8,38.5,13564,41364,34628,29056,62128,16768,32220,16384
2025-07-07T11:36:57.530234,SENSOR_NODE_01,a000000000000001,25.8,38.5,10964,37664,27828,19756,37764,34604,6920,54720
2025-07-07T11:37:03.259221,SENSOR_NODE_01,a000000000000001,25.8,38.5,4564,28664,13728,256,30136,30440,46256,24020
2025-07-07T11:37:08.834492,SENSOR_NODE_01,a000000000000001,25.8,38.5,3564,27164,11428,62192,16336,30640,53456,32320
2025-07-07T11:37:14.410194,SENSOR_NODE_01,a000000000000001,25.7,38.5,4664,28564,13528,65492,36736,39040,56556,35920
2025-07-07T11:37:20.101931,SENSOR_NODE_01,a000000000000001,25.7,38.5,10064,36764,26228,17556,20664,26304,15020,63320
2025-07-07T11:37:25.831078,SENSOR_NODE_01,a000000000000001,25.8,38.5,13564,41164,34228,28056,5192,23568,32720,16984
2025-07-07T11:37:31.363617,SENSOR_NODE_01,a000000000000001,25.7,38.5,13964,41664,35128,29756,4792,23568,31520,16084
2025-07-07T11:37:37.096870,SENSOR_NODE_01,a000000000000001,25.7,38.5,13464,41164,34328,28056,39228,4168,30120,13984
2025-07-07T11:37:42.532815,SENSOR_NODE_01,a000000000000001,25.8,38.5,12264,39464,31728,24556,19028,62504,15620,63620
2025-07-07T11:37:48.362448,SENSOR_NODE_01,a000000000000001,25.7,38.5,14664,42564,36828,31856,20692,30568,35420,19884
2025-07-07T11:37:53.890410,SENSOR_NODE_01,a000000000000001,25.7,38.5,15464,43664,38428,34056,35892,37568,38220,23584
2025-07-07T11:37:59.420128,SENSOR_NODE_01,a000000000000001,25.8,38.5,15764,43764,38928,34956,49092,41968,39420,25484
2025-07-07T11:38:05.125764,SENSOR_NODE_01,a000000000000001,25.7,38.5,14364,42364,36228,32256,60428,9168,35320,21784
2025-07-07T11:38:10.648945,SENSOR_NODE_01,a000000000000001,25.7,38.5,16664,45164,40128,37056,58892,49368,42720,31084
2025-07-07T11:38:16.331323,SENSOR_NODE_01,a000000000000001,25.7,38.0,15564,43264,37328,33356,21992,27168,30320,16984
2025-07-07T11:38:21.939083,SENSOR_NODE_01,a000000000000001,25.8,38.5,17364,46364,41928,39556,9756,56968,46620,35884
2025-07-07T11:38:27.649190,SENSOR_NODE_01,a000000000000001,25.7,38.0,15064,43864,37228,33656,14892,24568,37120,24784
2025-07-07T11:38:33.212428,SENSOR_NODE_01,a000000000000001,25.7,38.0,13764,42164,35028,30656,53728,9368,33220,20384
2025-07-07T11:38:38.920215,SENSOR_NODE_01,a000000000000001,25.7,38.0,14564,43364,38528,35256,10092,15568,40920,25784
2025-07-07T11:38:44.398986,SENSOR_NODE_01,a000000000000001,25.7,38.0,14964,43764,38828,36356,23092,22768,41220,26484
2025-07-07T11:38:50.183642,SENSOR_NODE_01,a000000000000001,25.7,38.0,15364,44164,39428,37356,34792,31368,42620,28284
2025-07-07T11:38:55.750682,SENSOR_NODE_01,a000000000000001,25.7,38.0,15464,44264,39828,37756,39492,33968,42820,28984
2025-07-07T11:39:01.382058,SENSOR_NODE_01,a000000000000001,25.8,38.5,15564,44564,39928,38056,41992,33968,43220,29184
2025-07-07T11:39:07.010667,SENSOR_NODE_01,a000000000000001,25.7,38.0,16464,45464,40728,38956,60492,50568,47020,34084
2025-07-07T11:39:12.711125,SENSOR_NODE_01,a000000000000001,25.7,38.5,21764,51664,49528,51656,27720,27232,60620,53484
2025-07-07T11:39:18.261194,SENSOR_NODE_01,a000000000000001,25.7,38.5,18164,47564,42728,41156,8456,58768,47020,36284
2025-07-07T11:39:23.977462,SENSOR_NODE_01,a000000000000001,25.7,38.5,13664,41964,34228,30056,64828,17768,31920,18684
2025-07-07T11:39:29.522958,SENSOR_NODE_01,a000000000000001,25.7,38.5,17264,46564,41328,40056,12756,54968,45920,35484
2025-07-07T11:39:35.051844,SENSOR_NODE_01,a000000000000001,25.7,38.0,20464,50964,49028,50656,16320,22232,59920,50184
2025-07-07T11:39:40.796805,SENSOR_NODE_01,a000000000000001,25.7,38.5,21264,51564,49228,49756,17320,30232,51520,41884
2025-07-07T11:39:46.316402,SENSOR_NODE_01,a000000000000001,25.7,38.5,10764,37764,27328,20856,6428,56504,19620,4784
2025-07-07T11:39:52.062312,SENSOR_NODE_01,a000000000000001,25.7,38.5,9864,36764,25028,18256,11364,17904,12320,63720
2025-07-07T11:39:57.580782,SENSOR_NODE_01,a000000000000001,25.7,38.5,11764,38764,28528,22556,55364,41804,37120,25784
2025-07-07T11:40:03.342492,SENSOR_NODE_01,a000000000000001,25.8,38.5,11764,39264,29128,21856,56864,54504,20220,4484
2025-07-07T11:40:08.843465,SENSOR_NODE_01,a000000000000001,25.7,38.5,19764,48464,44928,44856,61856,13432,51520,43384
2025-07-07T11:40:14.589071,SENSOR_NODE_01,a000000000000001,25.8,38.0,15664,44564,37728,34356,43092,47568,38220,24884
2025-07-07T11:40:20.108500,SENSOR_NODE_01,a000000000000001,25.8,38.0,18464,48264,43628,42556,32456,8032,49520,38784
2025-07-07T11:40:25.653839,SENSOR_NODE_01,a000000000000001,25.8,38.0,15564,42464,36328,33856,51192,40168,37020,24184
2025-07-07T11:40:31.381299,SENSOR_NODE_01,a000000000000001,25.8,38.5,21664,51364,49428,51056,30420,30832,46620,34884
2025-07-07T11:40:37.117588,SENSOR_NODE_01,a000000000000001,25.8,39.0,17064,46264,42728,41856,7656,42568,48620,35584
2025-07-07T11:40:42.522660,SENSOR_NODE_01,a000000000000001,25.7,39.5,16264,45064,41128,39456,53692,33368,45320,31384
2025-07-07T11:40:48.177215,SENSOR_NODE_01,a000000000000001,25.7,39.5,15464,44064,39428,37256,31992,18768,39720,24184
2025-07-07T11:40:53.915871,SENSOR_NODE_01,a000000000000001,25.7,39.0,9864,36864,28028,19956,28664,32504,17220,60820
2025-07-07T11:40:59.401858,SENSOR_NODE_01,a000000000000001,25.7,38.5,15564,44264,39528,37156,36592,27868,42020,27584
2025-07-07T11:41:05.041937,SENSOR_NODE_01,a000000000000001,25.7,38.5,16264,45064,40828,38956,52892,34768,44620,30384
2025-07-07T11:41:10.655834,SENSOR_NODE_01,a000000000000001,25.7,38.5,13564,40864,34428,30956,1092,9168,36120,20984
2025-07-07T11:41:16.486970,SENSOR_NODE_01,a000000000000001,25.7,38.5,16164,45064,40628,38956,51992,34368,44320,30284
2025-07-07T11:41:21.968577,SENSOR_NODE_01,a000000000000001,25.7,38.5,15964,44764,40128,38156,48492,36768,43320,29084
2025-07-07T11:41:27.521859,SENSOR_NODE_01,a000000000000001,25.7,38.5,15764,44464,39628,37456,45892,33768,42620,28384
2025-07-07T11:41:33.154907,SENSOR_NODE_01,a000000000000001,25.7,38.5,14164,42164,36028,32156,14592,20168,36320,21184
2025-07-07T11:41:38.966225,SENSOR_NODE_01,a000000000000001,25.7,38.5,14164,42164,36028,32456,17092,21768,37420,22784
2025-07-07T11:41:44.396831,SENSOR_NODE_01,a000000000000001,25.7,38.5,15764,44264,38728,35556,48092,43568,39520,25184
2025-07-07T11:41:50.235057,SENSOR_NODE_01,a000000000000001,25.7,38.5,12764,40764,34028,29756,50528,1968,32420,15484
2025-07-07T11:41:55.760788,SENSOR_NODE_01,a000000000000001,25.7,38.5,11464,38964,31528,25956,16528,50104,27320,9184
2025-07-07T11:42:01.290448,SENSOR_NODE_01,a000000000000001,25.7,38.5,11264,38464,30328,24156,16028,53504,25220,7884
2025-07-07T11:42:07.024030,SENSOR_NODE_01,a000000000000001,25.7,38.5,65264,51728,17656,49984,36224,3216,16912,26876
2025-07-07T11:42:12.554850,SENSOR_NODE_01,a000000000000001,25.7,38.5,12864,40364,33128,28356,55628,8168,31420,16284
2025-07-07T11:42:18.289171,SENSOR_NODE_01,a000000000000001,25.7,38.5,13464,40864,33928,28856,4692,23168,32520,16884
2025-07-07T11:42:23.816640,SENSOR_NODE_01,a000000000000001,25.7,38.5,11464,38764,31228,25456,17228,52904,26820,8684
2025-07-07T11:42:29.554298,SENSOR_NODE_01,a000000000000001,25.7,38.5,9764,36664,27928,20656,42864,32604,19320,64320
2025-07-07T11:42:35.084317,SENSOR_NODE_01,a000000000000001,25.7,38.5,6164,31764,20928,9756,18800,54240,4420,44820
2025-07-07T11:42:40.651347,SENSOR_NODE_01,a000000000000001,25.7,38.5,2664,27564,14328,65492,436,12640,55056,25520
2025-07-07T11:42:46.347623,SENSOR_NODE_01,a000000000000001,25.7,38.5,62400,20064,3028,48392,52144,7976,33856,63456
2025-07-07T11:42:51.900809,SENSOR_NODE_01,a000000000000001,25.7,38.5,60400,17664,64564,42492,4344,51312,24656,51456
2025-07-07T11:42:57.543204,SENSOR_NODE_01,a000000000000001,25.7,38.5,59300,15964,62064,38592,39580,36112,19956,45556
2025-07-07T11:43:03.145204,SENSOR_NODE_01,a000000000000001,25.7,38.5,62900,20664,3728,49592,64344,15976,35456,120
2025-07-07T11:43:08.873684,SENSOR_NODE_01,a000000000000001,25.7,38.5,664,25064,9928,58892,15572,58176,48556,17620
2025-07-07T11:43:14.386860,SENSOR_NODE_01,a000000000000001,25.7,38.5,2364,27164,13428,64092,58472,12440,55356,26520
2025-07-07T11:43:20.140199,SENSOR_NODE_01,a000000000000001,25.7,38.5,4364,29564,17328,4456,40536,33840,63756,37120
2025-07-07T11:43:25.636285,SENSOR_NODE_01,a000000000000001,25.7,38.5,5164,30864,19028,7056,60136,42940,1720,41620
2025-07-07T11:43:31.406103,SENSOR_NODE_01,a000000000000001,25.6,38.5,6664,32864,22028,11656,31300,59840,8220,49720
2025-07-07T11:43:36.904251,SENSOR_NODE_01,a000000000000001,25.6,38.5,6064,32064,21028,10056,17700,53040,5620,46620
2025-07-07T11:43:42.670002,SENSOR_NODE_01,a000000000000001,25.7,38.5,7664,33964,23828,14356,54300,5504,12120,55120
2025-07-07T11:43:48.139040,SENSOR_NODE_01,a000000000000001,25.7,38.5,7764,34164,24428,15056,60100,8104,12920,56220
2025-07-07T11:43:53.766163,SENSOR_NODE_01,a000000000000001,25.7,39.0,8464,34964,25628,16856,8564,14204,15420,59020
2025-07-07T11:43:59.380752,SENSOR_NODE_01,a000000000000001,25.7,39.0,8564,35064,25828,17056,10864,16304,15920,59720
2025-07-07T11:44:05.198761,SENSOR_NODE_01,a000000000000001,25.6,39.0,10564,37764,29628,23156,59664,39304,24320,4784
2025-07-07T11:44:10.691164,SENSOR_NODE_01,a000000000000001,25.7,39.0,11064,38264,30728,24556,5028,44704,25920,6984
2025-07-07T11:44:16.323109,SENSOR_NODE_01,a000000000000001,25.7,39.0,10664,37964,29728,23156,63364,42304,23820,4884
2025-07-07T11:44:21.989703,SENSOR_NODE_01,a000000000000001,25.7,39.0,10064,37164,28528,21256,46964,37104,20420,1084
2025-07-07T11:44:27.508157,SENSOR_NODE_01,a000000000000001,25.7,39.0,9664,36564,27928,20556,37764,28904,19620,64720
2025-07-07T11:44:33.134357,SENSOR_NODE_01,a000000000000001,25.7,39.0,8364,35064,25528,17056,6064,13704,14920,58120
2025-07-07T11:44:38.772991,SENSOR_NODE_01,a000000000000001,25.7,39.0,7964,34264,24528,15256,60000,8704,12620,55520
2025-07-07T11:44:44.477357,SENSOR_NODE_01,a000000000000001,25.7,39.0,8164,34664,25028,16056,64900,10404,14320,57420
2025-07-07T11:44:50.001045,SENSOR_NODE_01,a000000000000001,25.7,39.0,9364,36264,27528,19756,30464,25104,19420,64020
2025-07-07T11:44:55.637288,SENSOR_NODE_01,a000000000000001,25.7,39.0,9764,36764,28128,20756,37064,27404,20420,65120
2025-07-07T11:45:01.300499,SENSOR_NODE_01,a000000000000001,25.7,39.0,10764,38064,30228,23956,63164,41504,24720,5184
2025-07-07T11:45:07.053473,SENSOR_NODE_01,a000000000000001,25.7,39.0,10264,37564,29128,22356,51964,36604,22120,2084
2025-07-07T11:45:12.575663,SENSOR_NODE_01,a000000000000001,25.7,39.0,10364,37564,29428,22656,54564,38304,23320,3384
2025-07-07T11:45:18.310596,SENSOR_NODE_01,a000000000000001,25.7,39.0,10764,37964,30128,23556,61364,41104,24420,4984
2025-07-07T11:45:23.763731,SENSOR_NODE_01,a000000000000001,25.7,39.0,9964,37064,28528,21356,40464,29504,21020,484
2025-07-07T11:45:29.444213,SENSOR_NODE_01,a000000000000001,25.7,39.0,11664,39264,32028,26356,17728,50904,28520,10184
2025-07-07T11:45:35.092148,SENSOR_NODE_01,a000000000000001,25.6,39.0,13264,41264,35028,31156,58628,5368,35220,18884
2025-07-07T11:45:40.626706,SENSOR_NODE_01,a000000000000001,25.6,39.0,14664,43264,38028,35556,28692,21568,41420,26684
2025-07-07T11:45:46.366552,SENSOR_NODE_01,a000000000000001,25.6,39.0,15864,44864,40228,38956,56492,35368,46120,32884
2025-07-07T11:45:51.872249,SENSOR_NODE_01,a000000000000001,25.6,39.0,16064,44964,40728,39556,62192,37568,46620,33584
2025-07-07T11:45:57.504857,SENSOR_NODE_01,a000000000000001,25.6,39.0,16064,44964,40528,39356,60592,37368,46320,33284
2025-07-07T11:46:03.165280,SENSOR_NODE_01,a000000000000001,25.6,39.0,16264,45064,40728,39756,64092,42168,46920,34284
2025-07-07T11:46:08.763186,SENSOR_NODE_01,a000000000000001,25.6,39.0,16364,45364,41128,40356,4556,43568,47520,35084
2025-07-07T11:46:14.425094,SENSOR_NODE_01,a000000000000001,25.7,39.0,16464,45564,41428,40656,4756,43368,48120,35384
2025-07-07T11:46:20.008894,SENSOR_NODE_01,a000000000000001,25.7,39.0,16664,45664,41728,41256,10856,45168,48920,36484
2025-07-07T11:46:25.686143,SENSOR_NODE_01,a000000000000001,25.7,39.0,14764,42864,35728,32956,24692,54768,27120,12084
2025-07-07T11:46:31.422891,SENSOR_NODE_01,a000000000000001,25.7,39.0,17464,46464,41028,38756,55392,56168,44120,31584
2025-07-07T11:46:36.941269,SENSOR_NODE_01,a000000000000001,25.6,39.0,7664,32564,19528,8056,36464,59504,11020,57620
2025-07-07T11:46:42.687879,SENSOR_NODE_01,a000000000000001,25.7,39.0,16564,45064,39428,37356,13756,62968,45020,33284
2025-07-07T11:46:48.207561,SENSOR_NODE_01,a000000000000001,25.6,39.0,19164,48264,44528,44556,62656,18432,47520,36884
2025-07-07T11:46:53.760083,SENSOR_NODE_01,a000000000000001,25.7,39.0,15964,44464,37928,34756,65292,61968,37320,24184
2025-07-07T11:46:59.374047,SENSOR_NODE_01,a000000000000001,25.7,39.0,14164,42164,34528,30456,32892,45368,33720,19684
2025-07-07T11:47:05.216001,SENSOR_NODE_01,a000000000000001,25.7,39.0,8864,34864,22628,13456,59764,64204,11120,58520
2025-07-07T11:47:10.735202,SENSOR_NODE_01,a000000000000001,25.7,39.0,13764,41464,33028,29256,16892,32168,32820,19784
2025-07-07T11:47:16.273876,SENSOR_NODE_01,a000000000000001,25.7,39.0,15164,43364,36328,33556,50192,47468,37520,25284
2025-07-07T11:47:22.167112,SENSOR_NODE_01,a000000000000001,25.7,39.0,16164,44764,38428,36356,5856,57968,43120,32284
2025-07-07T11:47:27.508595,SENSOR_NODE_01,a000000000000001,25.7,39.0,18964,48164,44728,45256,62056,15832,54720,45584
2025-07-07T11:47:33.133819,SENSOR_NODE_01,a000000000000001,25.7,39.0,16864,45664,40628,39956,17356,58168,46520,35084
2025-07-07T11:47:38.755134,SENSOR_NODE_01,a000000000000001,25.7,39.0,15964,44264,38528,36456,62292,48968,43420,31084
2025-07-07T11:47:44.527076,SENSOR_NODE_01,a000000000000001,25.7,39.0,18164,47664,43728,43656,40756,2832,50620,39784
2025-07-07T11:47:49.999208,SENSOR_NODE_01,a000000000000001,25.7,39.0,19064,48564,45028,45656,59056,13032,54320,44284
2025-07-07T11:47:55.637886,SENSOR_NODE_01,a000000000000001,25.7,39.0,19764,50964,47628,50456,19120,15832,60520,49084
2025-07-07T11:48:01.270710,SENSOR_NODE_01,a000000000000001,25.7,39.0,20264,51664,48728,52156,24420,19432,62620,51184
2025-07-07T11:48:07.063982,SENSOR_NODE_01,a000000000000001,25.7,39.0,19564,50764,47328,49956,13820,14632,59920,48084
2025-07-07T11:48:12.489404,SENSOR_NODE_01,a000000000000001,25.7,39.0,20064,51364,48628,51856,29120,19832,62820,51584
2025-07-07T11:48:18.132176,SENSOR_NODE_01,a000000000000001,25.7,39.0,19864,50664,47228,49656,26020,25232,59420,48284
2025-07-07T11:48:23.748068,SENSOR_NODE_01,a000000000000001,25.7,39.0,19664,50864,47128,49856,22520,21632,60120,48484
2025-07-07T11:48:29.593056,SENSOR_NODE_01,a000000000000001,25.7,39.0,19864,50764,47528,50156,28420,26232,60520,49284
2025-07-07T11:48:35.003740,SENSOR_NODE_01,a000000000000001,25.7,39.0,16564,46664,41328,41056,8356,47168,46320,30284
2025-07-07T11:48:40.651747,SENSOR_NODE_01,a000000000000001,25.7,39.0,15164,44764,38428,36456,41192,30368,41020,24084
2025-07-07T11:48:46.386711,SENSOR_NODE_01,a000000000000001,25.7,39.0,15264,44964,38928,37256,45492,31968,41820,24784
2025-07-07T11:48:51.915376,SENSOR_NODE_01,a000000000000001,25.7,39.0,15764,45764,39828,38756,57492,36768,46120,29984
2025-07-07T11:48:57.505315,SENSOR_NODE_01,a000000000000001,25.7,39.0,18464,49064,44728,46156,58156,7232,54620,41684
2025-07-07T11:49:03.138152,SENSOR_NODE_01,a000000000000001,25.7,39.0,13364,42664,35228,32356,4992,12168,34720,15084
2025-07-07T11:49:08.750741,SENSOR_NODE_01,a000000000000001,25.7,39.0,4364,31164,18228,6556,42136,28040,62756,31620
2025-07-07T11:49:14.373654,SENSOR_NODE_01,a000000000000001,25.7,39.0,3164,29564,15528,2456,11236,16240,60256,28520
2025-07-07T11:49:20.000010,SENSOR_NODE_01,a000000000000001,25.7,39.0,4764,31764,18728,7556,51736,35640,1820,37620
2025-07-07T11:49:25.630982,SENSOR_NODE_01,a000000000000001,25.7,39.0,9064,37264,26728,19756,24664,22004,18020,58820
2025-07-07T11:49:31.446023,SENSOR_NODE_01,a000000000000001,25.7,39.0,10164,38564,28828,22756,49464,36004,23320,84
2025-07-07T11:49:36.877996,SENSOR_NODE_01,a000000000000001,25.7,39.0,16664,46864,41028,41256,15656,55368,47520,32084
2025-07-07T11:49:42.660768,SENSOR_NODE_01,a000000000000001,25.7,39.0,17464,47664,42628,43656,39356,65368,52120,38484
2025-07-07T11:49:48.223345,SENSOR_NODE_01,a000000000000001,25.7,39.0,18964,48864,44528,46156,11620,20432,57820,46684
2025-07-07T11:49:53.750117,SENSOR_NODE_01,a000000000000001,25.7,39.0,13464,42364,33428,32256,64628,4768,30120,16384
2025-07-07T11:49:59.489275,SENSOR_NODE_01,a000000000000001,25.7,39.5,15664,44464,37328,36556,56192,37168,41520,28984
2025-07-07T11:50:04.999210,SENSOR_NODE_01,a000000000000001,25.7,39.5,13264,41664,32428,30556,55728,1768,32420,18684
2025-07-07T11:50:10.749120,SENSOR_NODE_01,a000000000000001,25.7,39.0,18964,49264,45328,48056,20520,24032,58520,46984
2025-07-07T11:50:16.262481,SENSOR_NODE_01,a000000000000001,25.7,39.0,18864,49064,44928,47256,15620,23632,57720,45184
2025-07-07T11:50:21.883035,SENSOR_NODE_01,a000000000000001,25.7,39.0,15364,44464,37428,35556,60992,56568,39320,22284
2025-07-07T11:50:27.552859,SENSOR_NODE_01,a000000000000001,25.7,39.0,164,25764,8528,58792,17872,62376,43656,7420
2025-07-07T11:50:33.292569,SENSOR_NODE_01,a000000000000001,25.7,39.5,54300,10864,51864,24692,60552,58648,63692,14656
2025-07-07T11:50:38.784997,SENSOR_NODE_01,a000000000000001,25.7,39.5,54500,11164,52564,26092,65052,58248,2056,18556
2025-07-07T11:50:44.554958,SENSOR_NODE_01,a000000000000001,25.7,39.5,57600,15164,58564,35192,10980,32712,15056,35156
2025-07-07T11:50:49.999408,SENSOR_NODE_01,a000000000000001,25.7,39.0,63800,23064,4828,52992,28508,40376,39556,1820
2025-07-07T11:50:55.820639,SENSOR_NODE_01,a000000000000001,25.7,39.0,4464,31064,16828,5656,51536,50740,120,35820
2025-07-07T11:51:01.360918,SENSOR_NODE_01,a000000000000001,25.7,39.0,9764,37864,26928,20856,48664,48504,22220,64220
2025-07-07T11:51:07.454758,SENSOR_NODE_01,a000000000000001,25.7,39.0,13264,42464,33928,31456,7592,28768,34820,15284
2025-07-07T11:51:12.578596,SENSOR_NODE_01,a000000000000001,25.7,39.0,6764,34964,20228,14756,24000,2104,11520,55820
2025-07-07T11:51:18.110539,SENSOR_NODE_01,a000000000000001,25.7,39.0,2764,29864,11928,4356,16572,48376,57856,37320
2025-07-07T11:51:23.841078,SENSOR_NODE_01,a000000000000001,25.7,39.0,65500,25364,5328,59192,26608,33176,50856,27320
2025-07-07T11:51:29.408651,SENSOR_NODE_01,a000000000000001,25.7,39.0,5964,33564,18328,12156,65236,53640,3720,49720
2025-07-07T11:51:35.043273,SENSOR_NODE_01,a000000000000001,25.7,39.0,9564,38364,25928,22556,11364,22704,18320,784
2025-07-07T11:51:40.606148,SENSOR_NODE_01,a000000000000001,25.7,39.0,8964,37064,24428,19556,53200,9504,9720,56120
2025-07-07T11:51:46.243793,SENSOR_NODE_01,a000000000000001,25.7,39.0,8864,37064,24528,20256,54000,8304,15220,61020
2025-07-07T11:51:51.935428,SENSOR_NODE_01,a000000000000001,25.7,39.0,8864,37164,24528,18956,45700,7104,12120,56820
2025-07-07T11:51:57.652228,SENSOR_NODE_01,a000000000000001,25.7,39.0,12964,42364,34428,32056,58628,11768,34620,14084
2025-07-07T11:52:03.199970,SENSOR_NODE_01,a000000000000001,25.8,39.0,4764,29064,13828,4056,51200,31604,27192,37792
2025-07-07T11:52:08.934225,SENSOR_NODE_01,a000000000000001,25.8,39.0,65000,22964,2528,52392,10936,52840,22720,4984
2025-07-07T11:52:14.452367,SENSOR_NODE_01,a000000000000001,25.8,39.0,17964,48964,43328,46656,11756,48968,53820,42484
2025-07-07T11:52:20.165168,SENSOR_NODE_01,a000000000000001,25.8,39.0,18864,50864,46128,50456,40656,2432,59220,48184
2025-07-07T11:52:25.619075,SENSOR_NODE_01,a000000000000001,25.7,39.0,21264,54364,51028,57856,34520,31232,3984,61484
2025-07-07T11:52:31.460855,SENSOR_NODE_01,a000000000000001,25.8,39.0,21964,54964,52228,59756,50720,38832,6484,64784
2025-07-07T11:52:36.854163,SENSOR_NODE_01,a000000000000001,25.8,39.0,22464,55564,53228,61156,62020,45132,7784,1148
2025-07-07T11:52:42.513270,SENSOR_NODE_01,a000000000000001,25.8,39.0,23564,56764,54828,63256,21784,57032,11484,5348
2025-07-07T11:52:48.259525,SENSOR_NODE_01,a000000000000001,25.7,39.0,19264,52064,48928,55656,63856,6032,1984,57884
2025-07-07T11:52:53.741854,SENSOR_NODE_01,a000000000000001,25.7,39.0,19464,52364,49328,55856,1320,5832,2484,58484
2025-07-07T11:52:59.509897,SENSOR_NODE_01,a000000000000001,25.7,39.0,18564,51164,47528,53056,45756,63568,64020,53584
2025-07-07T11:53:05.018139,SENSOR_NODE_01,a000000000000001,25.8,39.0,19264,52364,49228,55856,64056,5632,2084,57984
2025-07-07T11:53:10.656534,SENSOR_NODE_01,a000000000000001,25.7,39.0,19464,52564,49428,56356,1820,6232,2784,58884
2025-07-07T11:53:16.243413,SENSOR_NODE_01,a000000000000001,25.7,39.0,19764,52864,50228,57356,6920,8432,3984,60184
2025-07-07T11:53:21.976436,SENSOR_NODE_01,a000000000000001,25.8,39.0,19664,52564,49628,56256,3220,11832,2584,58984
2025-07-07T11:53:27.577171,SENSOR_NODE_01,a000000000000001,25.7,39.0,19864,52964,50228,57156,7720,10432,3884,59984
2025-07-07T11:53:33.314986,SENSOR_NODE_01,a000000000000001,25.7,39.0,19464,52264,49228,55556,720,7632,1384,57184
2025-07-07T11:53:38.829544,SENSOR_NODE_01,a000000000000001,25.7,39.0,19164,51864,48528,54656,59356,5332,484,55884
2025-07-07T11:53:44.379357,SENSOR_NODE_01,a000000000000001,25.7,39.0,19564,52464,49528,56356,4720,9232,3084,59184
2025-07-07T11:53:50.309160,SENSOR_NODE_01,a000000000000001,25.7,39.0,19464,52164,48828,55056,4520,10832,2084,58684
2025-07-07T11:53:55.636763,SENSOR_NODE_01,a000000000000001,25.8,39.0,19664,52464,49228,55956,7520,12432,2184,58384
2025-07-07T11:54:01.369961,SENSOR_NODE_01,a000000000000001,25.7,39.0,19664,52364,49328,55656,6320,11232,2284,58484
2025-07-07T11:54:06.902026,SENSOR_NODE_01,a000000000000001,25.7,39.0,19964,52964,50228,57256,14920,13432,4184,60584
2025-07-07T11:54:12.633226,SENSOR_NODE_01,a000000000000001,25.7,39.0,19864,52864,50128,56956,14120,13832,4184,60684
2025-07-07T11:54:18.163629,SENSOR_NODE_01,a000000000000001,25.7,39.0,19964,52964,50228,57256,14420,14032,4184,60784
2025-07-07T11:54:23.896125,SENSOR_NODE_01,a000000000000001,25.7,39.0,19764,52564,49928,56956,9820,11632,3384,59684
2025-07-07T11:54:29.437906,SENSOR_NODE_01,a000000000000001,25.7,39.0,19864,52764,50128,57056,12320,12832,3784,60284
2025-07-07T11:54:35.167550,SENSOR_NODE_01,a000000000000001,25.7,39.0,19664,52564,49628,56556,9020,11232,3284,59284
2025-07-07T11:54:40.619052,SENSOR_NODE_01,a000000000000001,25.7,39.0,19664,52564,49528,56456,7320,10032,3084,59184
2025-07-07T11:54:46.260000,SENSOR_NODE_01,a000000000000001,25.7,39.0,19364,52264,49328,55856,2120,7832,1984,57584
2025-07-07T11:54:51.856823,SENSOR_NODE_01,a000000000000001,25.7,39.0,19064,51764,48628,54856,59656,4232,684,55884
2025-07-07T11:54:57.690580,SENSOR_NODE_01,a000000000000001,25.7,39.0,19164,51864,48828,55156,59756,4032,484,55584
2025-07-07T11:55:03.208043,SENSOR_NODE_01,a000000000000001,25.7,39.0,19364,52364,49328,55756,1720,8232,1884,57584
2025-07-07T11:55:08.739739,SENSOR_NODE_01,a000000000000001,25.7,39.0,20364,53464,50128,56456,19320,30232,2084,58684
2025-07-07T11:55:14.366576,SENSOR_NODE_01,a000000000000001,25.7,39.0,18864,51564,48128,53856,55556,4032,65320,55084
2025-07-07T11:55:19.990309,SENSOR_NODE_01,a000000000000001,25.7,39.0,19064,51664,48528,54656,58556,4632,484,55784
2025-07-07T11:55:25.614884,SENSOR_NODE_01,a000000000000001,25.7,39.0,18264,50764,46628,52156,40056,60968,62120,50884
2025-07-07T11:55:31.277439,SENSOR_NODE_01,a000000000000001,25.7,39.0,13864,45064,38128,39156,64128,7568,43620,26684
2025-07-07T11:55:36.854291,SENSOR_NODE_01,a000000000000001,25.7,39.0,10964,41064,32428,30156,56864,39104,30920,9984
2025-07-07T11:55:42.486496,SENSOR_NODE_01,a000000000000001,25.7,39.0,8464,37964,27628,22956,61300,7704,23520,65520
2025-07-07T11:55:48.104251,SENSOR_NODE_01,a000000000000001,25.7,39.0,9764,39764,30328,26956,30264,25104,27920,6084
2025-07-07T11:55:53.805624,SENSOR_NODE_01,a000000000000001,25.7,39.5,15364,46764,41228,43156,36092,30368,51020,36684
2025-07-07T11:55:59.351782,SENSOR_NODE_01,a000000000000001,25.7,39.5,17364,49464,44428,48056,17256,59768,57420,45284
2025-07-07T11:56:04.979845,SENSOR_NODE_01,a000000000000001,25.7,39.5,19764,52564,49428,55956,10820,17032,2684,58984
2025-07-07T11:56:10.803570,SENSOR_NODE_01,a000000000000001,25.7,39.5,18864,51264,47528,53056,54056,7332,64420,53884
2025-07-07T11:56:16.235125,SENSOR_NODE_01,a000000000000001,25.7,39.5,19064,51664,48328,54256,59956,6832,184,55584
2025-07-07T11:56:21.853333,SENSOR_NODE_01,a000000000000001,25.7,39.5,15764,47464,41728,44456,44492,30968,51720,37284
2025-07-07T11:56:27.596279,SENSOR_NODE_01,a000000000000001,25.7,39.5,12664,43264,35828,35056,31328,57504,38520,19884
2025-07-07T11:56:33.126129,SENSOR_NODE_01,a000000000000001,25.7,39.5,12564,43164,35628,34756,33028,60504,37120,18284
2025-07-07T11:56:38.731143,SENSOR_NODE_01,a000000000000001,25.7,39.5,6164,34964,23128,16056,6800,46240,11120,49920
2025-07-07T11:56:44.394164,SENSOR_NODE_01,a000000000000001,25.7,39.5,964,28164,12928,456,11372,51776,54656,21720
2025-07-07T11:56:50.340311,SENSOR_NODE_01,a000000000000001,25.7,39.5,7264,36364,23128,15356,64536,55040,11520,51820
2025-07-07T11:56:55.655055,SENSOR_NODE_01,a000000000000001,25.7,39.5,64600,24564,5428,55492,12608,21176,31256,63556
2025-07-07T11:57:01.249317,SENSOR_NODE_01,a000000000000001,25.7,39.5,3664,30464,14828,3356,8236,26240,45356,14520
2025-07-07T11:57:06.919464,SENSOR_NODE_01,a000000000000001,25.7,39.5,2464,28264,11528,64092,43772,13040,2320,38620
2025-07-07T11:57:12.516178,SENSOR_NODE_01,a000000000000001,25.7,39.5,4764,31364,16628,5656,27236,31640,61256,33720
2025-07-07T11:57:18.183196,SENSOR_NODE_01,a000000000000001,25.7,40.0,3764,31164,15328,5856,62272,6640,62256,34820
2025-07-07T11:57:23.917655,SENSOR_NODE_01,a000000000000001,25.7,40.0,5564,33964,19228,11756,35036,26440,2420,42020
2025-07-07T11:57:29.411598,SENSOR_NODE_01,a000000000000001,25.8,40.0,61600,20264,63764,47292,56344,16176,26056,57556
2025-07-07T11:57:34.980898,SENSOR_NODE_01,a000000000000001,25.8,40.0,6564,34264,20128,13256,65336,38440,6620,48720
2025-07-07T11:57:40.718117,SENSOR_NODE_01,a000000000000001,25.8,40.0,64800,24764,4728,56792,37708,39176,18256,47456
2025-07-07T11:57:46.445965,SENSOR_NODE_01,a000000000000001,25.8,40.0,8364,37564,24228,19256,37400,104,17020,61620
2025-07-07T11:57:51.939762,SENSOR_NODE_01,a000000000000001,25.8,40.0,14964,45764,36228,37856,64128,12768,39720,28384
2025-07-07T11:57:57.503137,SENSOR_NODE_01,a000000000000001,25.8,40.0,17964,49164,41728,44656,28392,23768,53220,44184
2025-07-07T11:58:03.227402,SENSOR_NODE_01,a000000000000001,25.8,39.5,24664,58464,57428,1520,55384,20896,16484,12048
2025-07-07T11:58:08.713672,SENSOR_NODE_01,a000000000000001,25.8,39.5,25764,59964,59428,4820,14848,33896,20084,16648
2025-07-07T11:58:14.393738,SENSOR_NODE_01,a000000000000001,25.8,39.5,25364,59464,58528,3520,5448,27696,18784,14548
2025-07-07T11:58:20.030657,SENSOR_NODE_01,a000000000000001,25.8,39.5,24964,58764,57828,2220,62784,22696,17184,12848
2025-07-07T11:58:25.595345,SENSOR_NODE_01,a000000000000001,25.8,39.5,25164,58964,58128,2520,64984,25496,17584,13448
2025-07-07T11:58:31.299681,SENSOR_NODE_01,a000000000000001,25.8,39.5,24564,58164,56728,620,57784,22996,15084,11048
2025-07-07T11:58:36.990497,SENSOR_NODE_01,a000000000000001,25.8,39.5,24464,58064,56628,620,55284,20096,15184,10648
2025-07-07T11:58:42.562215,SENSOR_NODE_01,a000000000000001,25.8,39.5,23764,57164,55228,63856,38384,12296,12684,7648
2025-07-07T11:58:48.299845,SENSOR_NODE_01,a000000000000001,25.8,39.5,24964,58364,57028,1120,60384,23696,15384,11448
2025-07-07T11:58:53.813580,SENSOR_NODE_01,a000000000000001,25.8,39.5,25064,58864,57928,2420,65284,26496,16984,12848
2025-07-07T11:58:59.529406,SENSOR_NODE_01,a000000000000001,25.8,39.5,24264,58064,56428,220,46184,19896,14684,9648
2025-07-07T11:59:05.087819,SENSOR_NODE_01,a000000000000001,25.8,39.5,23964,57764,55928,64956,38284,15496,12484,6548
2025-07-07T11:59:10.792879,SENSOR_NODE_01,a000000000000001,25.8,39.5,54000,5964,41964,11992,54716,13176,22692,42792
2025-07-07T11:59:16.353430,SENSOR_NODE_01,a000000000000001,25.8,39.5,24064,57664,56128,65456,41784,16096,13684,8248
2025-07-07T11:59:21.873077,SENSOR_NODE_01,a000000000000001,25.8,39.5,25564,59464,58728,3720,15648,38696,20084,16448
2025-07-07T11:59:27.620198,SENSOR_NODE_01,a000000000000001,25.8,39.5,26464,60564,60428,6120,45448,49096,22084,18848
2025-07-07T11:59:33.134365,SENSOR_NODE_01,a000000000000001,25.8,39.5,26364,60664,60428,6120,41048,44096,22784,19348
2025-07-07T11:59:38.715855,SENSOR_NODE_01,a000000000000001,25.8,39.5,26164,60264,60028,5720,36948,40396,21684,18148
2025-07-07T11:59:50.145705,SENSOR_NODE_01,a000000000000001,25.8,40.0,13664,44164,36328,35556,65328,15968,36520,17284
2025-07-07T11:59:50.360878,SENSOR_NODE_02,a000000000000002,25.8,42.0,30664,55864,55428,4420,58520,19296,4084,55384
2025-07-07T11:59:55.663386,SENSOR_NODE_01,a000000000000001,25.8,40.0,8764,37764,26328,20256,5264,22704,16020,56120
2025-07-07T12:00:01.396458,SENSOR_NODE_01,a000000000000001,25.8,40.0,1064,27964,11728,63392,17172,63776,49956,14920
2025-07-07T12:00:06.927434,SENSOR_NODE_01,a000000000000001,25.8,40.0,864,27764,11128,62692,14572,240,50456,15620
2025-07-07T12:00:08.576491,SENSOR_NODE_02,a000000000000002,25.8,42.5,13564,35564,23228,19356,16800,40104,4520,38820
2025-07-07T12:00:12.678087,SENSOR_NODE_01,a000000000000001,25.8,40.0,65400,25964,8428,58492,52408,56376,43656,7320
2025-07-07T12:00:14.313209,SENSOR_NODE_02,a000000000000002,25.8,42.0,14164,36164,24228,21456,36600,52304,4620,38620
2025-07-07T12:00:18.192554,SENSOR_NODE_01,a000000000000001,25.8,40.0,63900,24364,5928,54792,19008,39776,39056,1220
2025-07-07T12:00:19.783141,SENSOR_NODE_02,a000000000000002,25.8,41.5,10564,31564,17328,10756,1036,60240,57056,24020
2025-07-07T12:00:23.875321,SENSOR_NODE_01,a000000000000001,25.8,40.0,864,27464,10628,61992,14472,4040,49856,15320
2025-07-07T12:00:25.574320,SENSOR_NODE_02,a000000000000002,25.9,42.0,17264,39864,30128,31056,46864,21368,18320,56320
2025-07-07T12:00:29.337483,SENSOR_NODE_01,a000000000000001,25.8,40.0,2364,29464,13228,556,45472,20640,54956,22220
2025-07-07T12:00:31.054225,SENSOR_NODE_02,a000000000000002,25.8,42.0,14364,36664,24028,21656,27000,45504,6420,43520
2025-07-07T12:00:35.189880,SENSOR_NODE_01,a000000000000001,25.8,40.0,4464,32864,17628,8756,37736,39040,2020,39920
2025-07-07T12:00:36.784587,SENSOR_NODE_02,a000000000000002,25.9,42.5,13264,36464,22928,22056,24300,35904,5520,42320
2025-07-07T12:00:40.587258,SENSOR_NODE_01,a000000000000001,25.8,40.0,64500,26264,7128,58592,32508,35776,45256,10820
2025-07-07T12:00:42.369130,SENSOR_NODE_02,a000000000000002,25.9,42.5,7364,29664,11928,5356,19272,35640,50056,15620
2025-07-07T12:00:46.245134,SENSOR_NODE_01,a000000000000001,25.8,40.0,2364,30864,14128,3956,52972,7640,62756,33820
2025-07-07T12:00:48.002049,SENSOR_NODE_02,a000000000000002,25.9,42.5,12664,35864,21728,21356,3200,21904,6220,42320
2025-07-07T12:00:51.841769,SENSOR_NODE_01,a000000000000001,25.8,40.0,63800,25164,6228,57092,24708,28076,44556,10020
2025-07-07T12:00:53.632588,SENSOR_NODE_02,a000000000000002,25.9,42.5,10364,32864,17828,15756,10636,49040,64656,36120
2025-07-07T12:00:57.525780,SENSOR_NODE_01,a000000000000001,25.8,40.0,164,27164,9428,61892,64508,48176,52256,20320
2025-07-07T12:00:59.369760,SENSOR_NODE_02,a000000000000002,25.9,42.0,16064,41464,30028,35056,10664,41904,24320,64220
2025-07-07T12:01:03.095039,SENSOR_NODE_01,a000000000000001,25.8,40.0,65100,26264,8128,59992,52408,46376,49456,16620
2025-07-07T12:01:04.896314,SENSOR_NODE_02,a000000000000002,25.9,42.0,12664,34964,21628,21256,37736,56640,8820,48920
2025-07-07T12:01:08.787539,SENSOR_NODE_01,a000000000000001,25.8,40.0,64700,25764,7328,58592,47308,45176,46756,13520
2025-07-07T12:01:10.630600,SENSOR_NODE_02,a000000000000002,25.9,42.0,12064,34364,21028,19856,49836,3904,4420,42420
2025-07-07T12:01:14.522024,SENSOR_NODE_01,a000000000000001,25.8,40.0,364,26964,9528,61592,6572,59176,50856,19020
2025-07-07T12:01:16.071558,SENSOR_NODE_02,a000000000000002,25.9,41.5,13764,36564,24228,25556,20500,18304,11420,51320
2025-07-07T12:01:19.963323,SENSOR_NODE_01,a000000000000001,25.8,40.0,63400,23964,4628,54392,10708,25976,39556,3920
2025-07-07T12:01:21.897710,SENSOR_NODE_02,a000000000000002,25.9,41.5,8764,30864,15128,10956,41772,32240,59256,27720
2025-07-07T12:01:25.779724,SENSOR_NODE_01,a000000000000001,25.8,40.0,63500,23864,4628,54192,14008,28376,41056,6020
2025-07-07T12:01:27.425284,SENSOR_NODE_02,a000000000000002,25.9,41.5,9864,31764,16628,13656,61472,41040,62056,33720
2025-07-07T12:01:31.220001,SENSOR_NODE_01,a000000000000001,25.8,40.0,65000,26064,8128,59492,53908,44976,49056,16620
2025-07-07T12:01:32.962858,SENSOR_NODE_02,a000000000000002,25.9,41.5,8764,29664,13028,7956,42272,34240,61056,34720
2025-07-07T12:01:37.028032,SENSOR_NODE_01,a000000000000001,25.8,40.0,2164,29464,12928,1056,51372,10240,58056,28220
2025-07-07T12:01:38.691836,SENSOR_NODE_02,a000000000000002,25.9,41.0,15364,38664,27328,29756,61800,40304,17320,58020
2025-07-07T12:01:42.581940,SENSOR_NODE_01,a000000000000001,25.8,40.0,5164,33364,18828,9956,53936,45840,5320,44720
2025-07-07T12:01:44.388074,SENSOR_NODE_02,a000000000000002,25.9,41.0,20864,45164,37228,44656,46528,38768,37720,18284
2025-07-07T12:01:48.105961,SENSOR_NODE_01,a000000000000001,25.8,40.0,8064,35964,23428,16456,53800,18904,13920,59120
2025-07-07T12:01:49.953114,SENSOR_NODE_02,a000000000000002,25.9,41.0,22064,45464,37728,45856,43928,34168,39220,26284
2025-07-07T12:01:53.712935,SENSOR_NODE_01,a000000000000001,25.8,40.0,8764,38364,26928,22156,17264,22704,22020,84
2025-07-07T12:01:55.650246,SENSOR_NODE_02,a000000000000002,26.0,41.5,25064,50164,45528,57756,61092,4432,55720,40884
2025-07-07T12:01:59.372607,SENSOR_NODE_01,a000000000000001,25.8,40.0,10064,39964,29228,25856,44564,34204,26320,5484
2025-07-07T12:02:01.221001,SENSOR_NODE_02,a000000000000002,25.9,41.5,23064,48164,42328,53056,27992,51368,46920,29284
2025-07-07T12:02:05.108859,SENSOR_NODE_01,a000000000000001,25.8,40.0,6964,36064,23028,16856,29900,58940,14820,55820
2025-07-07T12:02:06.954100,SENSOR_NODE_02,a000000000000002,26.0,41.0,26664,53064,49228,64256,39356,28432,1184,51484
2025-07-07T12:02:10.588420,SENSOR_NODE_01,a000000000000001,25.8,40.0,14564,46264,38228,40056,24592,23968,48320,34484
2025-07-07T12:02:12.479829,SENSOR_NODE_02,a000000000000002,25.9,41.0,36464,65264,1492,29320,4412,8160,40084,34748
2025-07-07T12:02:16.373087,SENSOR_NODE_01,a000000000000001,25.8,40.0,20964,53764,49828,57156,46820,37332,6584,248
2025-07-07T12:02:18.214834,SENSOR_NODE_02,a000000000000002,26.0,40.5,42364,6428,11792,44720,12640,12424,59984,60948
2025-07-07T12:02:21.839892,SENSOR_NODE_01,a000000000000001,25.8,40.0,18464,50964,45228,50856,53256,4632,61320,51684
2025-07-07T12:02:23.744960,SENSOR_NODE_02,a000000000000002,25.9,40.5,35264,64664,65528,27120,60848,52896,36284,30448
2025-07-07T12:02:27.637352,SENSOR_NODE_01,a000000000000001,25.8,40.0,7864,37564,25628,20856,54500,2204,20420,63620
2025-07-07T12:02:29.481283,SENSOR_NODE_02,a000000000000002,26.0,40.5,24764,52264,47028,63756,24356,64368,64320,47384
2025-07-07T12:02:33.088149,SENSOR_NODE_01,a000000000000001,25.8,40.0,7164,35864,22828,16556,32900,61740,13420,55320
2025-07-07T12:02:35.012268,SENSOR_NODE_02,a000000000000002,26.0,40.5,22964,49964,43428,57656,48792,41368,55220,36284
2025-07-07T12:02:38.714118,SENSOR_NODE_01,a000000000000001,25.8,40.0,10364,40364,29728,27056,42964,30404,29120,9884
2025-07-07T12:02:40.529086,SENSOR_NODE_02,a000000000000002,26.0,40.5,29164,58264,55028,10520,33820,39232,14684,3048
2025-07-07T12:02:44.429166,SENSOR_NODE_01,a000000000000001,25.8,40.0,12264,43364,33828,34056,33128,54904,37020,19784
2025-07-07T12:02:46.274010,SENSOR_NODE_02,a000000000000002,26.0,40.5,26364,55164,50228,3620,47156,6832,1384,51484
2025-07-07T12:02:50.165046,SENSOR_NODE_01,a000000000000001,25.8,40.0,5364,34164,20228,12956,51636,33840,9220,49120
2025-07-07T12:02:51.792875,SENSOR_NODE_02,a000000000000002,26.0,40.5,23464,51464,45028,61156,48892,38568,60620,42884
2025-07-07T12:02:55.693453,SENSOR_NODE_01,a000000000000001,25.8,40.0,9564,39564,28328,25356,24264,19504,25720,5384
2025-07-07T12:02:57.539415,SENSOR_NODE_02,a000000000000002,26.0,40.5,26364,55064,50128,3520,42756,4532,3184,53984
2025-07-07T12:03:01.221715,SENSOR_NODE_01,a000000000000001,25.8,40.0,7464,36964,24628,19556,44100,61540,18220,61120
2025-07-07T12:03:03.020853,SENSOR_NODE_02,a000000000000002,26.0,40.5,25664,53064,48828,64156,8156,60968,62920,46584
2025-07-07T12:03:06.845104,SENSOR_NODE_01,a000000000000001,25.8,40.0,5364,35064,21328,15056,62836,37240,14920,55620
2025-07-07T12:03:08.712251,SENSOR_NODE_02,a000000000000002,25.9,40.5,19364,44264,36428,44856,57964,61104,36020,13584
2025-07-07T12:03:12.484224,SENSOR_NODE_01,a000000000000001,25.8,40.0,4764,33264,19928,11656,54636,37940,7220,45220
2025-07-07T12:03:14.334175,SENSOR_NODE_02,a000000000000002,25.9,40.5,17364,40364,31628,36756,5664,35904,27320,3684
2025-07-07T12:03:18.136920,SENSOR_NODE_01,a000000000000001,25.8,40.0,5264,34064,21028,13256,5100,45240,9520,48220
2025-07-07T12:03:19.914156,SENSOR_NODE_02,a000000000000002,25.9,40.5,17964,41064,32828,38856,19264,42504,29420,6684
2025-07-07T12:03:23.720195,SENSOR_NODE_01,a000000000000001,25.8,40.0,1964,29764,14328,3356,53272,4840,59956,28920
2025-07-07T12:03:25.582890,SENSOR_NODE_02,a000000000000002,25.9,40.5,12964,35064,23628,24256,43436,55240,9820,47320
2025-07-07T12:03:29.487764,SENSOR_NODE_01,a000000000000001,25.8,40.0,1964,29564,14528,3356,53372,5240,61756,30720
2025-07-07T12:03:31.329687,SENSOR_NODE_02,a000000000000002,25.9,40.5,14264,36664,26228,28456,6900,3104,15920,54620
2025-07-07T12:03:35.020481,SENSOR_NODE_01,a000000000000001,25.8,40.0,1964,29364,14128,2156,45272,5840,56656,24520
2025-07-07T12:03:36.852687,SENSOR_NODE_02,a000000000000002,25.9,40.5,13164,35364,24328,25356,48036,55840,11920,49820
2025-07-07T12:03:40.610430,SENSOR_NODE_01,a000000000000001,25.8,40.0,1064,28564,12728,556,31372,60376,57656,25620
2025-07-07T12:03:42.592178,SENSOR_NODE_02,a000000000000002,25.9,40.5,14364,36664,26028,28156,6300,4904,15820,54620
2025-07-07T12:03:46.238619,SENSOR_NODE_01,a000000000000001,25.8,40.0,2064,29464,14428,2756,51072,5040,59756,28620
2025-07-07T12:03:48.112133,SENSOR_NODE_02,a000000000000002,25.9,40.5,14264,36764,26128,28756,8400,3904,16820,55520
2025-07-07T12:03:52.013867,SENSOR_NODE_01,a000000000000001,25.8,40.0,1264,28764,13128,1156,34072,60776,58056,25820
2025-07-07T12:03:53.859820,SENSOR_NODE_02,a000000000000002,25.8,40.5,15164,37964,28128,31356,25200,12704,22020,62120
2025-07-07T12:03:57.471488,SENSOR_NODE_01,a000000000000001,25.8,40.0,6864,36064,24028,17856,42600,63640,17020,57820
2025-07-07T12:03:59.314185,SENSOR_NODE_02,a000000000000002,25.8,40.5,23664,47964,42928,55056,12292,42168,55220,39184
2025-07-07T12:04:03.278997,SENSOR_NODE_01,a000000000000001,25.8,40.0,15164,46764,39728,41356,52792,45168,50120,35684
2025-07-07T12:04:05.126763,SENSOR_NODE_02,a000000000000002,25.8,40.5,31764,57164,57028,11420,55720,4096,16584,8648
2025-07-07T12:04:08.771656,SENSOR_NODE_01,a000000000000001,25.8,40.0,17864,50564,45528,51256,43256,60568,63120,52684
2025-07-07T12:04:10.653391,SENSOR_NODE_02,a000000000000002,25.8,40.5,36164,64364,1892,27720,22648,39296,39184,35148
2025-07-07T12:04:14.546028,SENSOR_NODE_01,a000000000000001,25.8,40.0,19564,53064,49128,56756,21020,14432,6284,64384
2025-07-07T12:04:16.390085,SENSOR_NODE_02,a000000000000002,25.8,40.5,39764,3028,7992,37720,36212,13960,52584,52648
2025-07-07T12:04:20.070469,SENSOR_NODE_01,a000000000000001,25.8,40.0,18264,51364,46628,53056,56156,64968,64520,54684
2025-07-07T12:04:21.891531,SENSOR_NODE_02,a000000000000002,25.8,40.5,35764,63964,1092,26420,17348,37296,37684,33148
2025-07-07T12:04:25.806879,SENSOR_NODE_01,a000000000000001,25.8,40.0,18464,51164,44928,49456,44156,30032,53720,42984
2025-07-07T12:04:27.648201,SENSOR_NODE_02,a000000000000002,25.8,40.5,27064,52664,48528,62356,61156,54032,59320,45184
2025-07-07T12:04:31.336027,SENSOR_NODE_01,a000000000000001,25.8,40.0,16664,49064,41428,44156,47692,64968,49920,37084
2025-07-07T12:04:33.084300,SENSOR_NODE_02,a000000000000002,25.8,40.5,27764,53564,49928,63956,16720,5296,7184,60284
2025-07-07T12:04:36.847220,SENSOR_NODE_01,a000000000000001,25.8,40.0,17364,49764,42728,46156,1056,8032,52520,41284
2025-07-07T12:04:38.912781,SENSOR_NODE_02,a000000000000002,25.8,40.5,30764,57064,55228,6320,6684,36896,15484,4448
2025-07-07T12:04:42.604705,SENSOR_NODE_01,a000000000000001,25.8,40.5,19864,52564,46828,51456,55656,40832,61820,53184
2025-07-07T12:04:44.442258,SENSOR_NODE_02,a000000000000002,25.8,41.0,39864,2828,6292,32720,46012,50960,49584,47748
2025-07-07T12:04:48.079795,SENSOR_NODE_01,a000000000000001,25.8,40.0,26164,61564,59928,7120,62284,34496,24884,24548
2025-07-07T12:04:50.179641,SENSOR_NODE_02,a000000000000002,25.8,41.0,43264,6628,12892,43520,54276,17224,60284,61648
2025-07-07T12:04:53.864741,SENSOR_NODE_01,a000000000000001,25.8,40.0,25664,60764,59028,5720,50684,26296,18284,16148
2025-07-07T12:04:55.708630,SENSOR_NODE_02,a000000000000002,25.8,40.5,33164,60064,60228,15020,25384,25296,19184,8748
2025-07-07T12:04:59.397155,SENSOR_NODE_01,a000000000000001,25.8,40.0,18764,51264,45428,49956,42556,8632,58520,46984
2025-07-07T12:05:01.441095,SENSOR_NODE_02,a000000000000002,25.8,40.5,38164,1028,3892,28520,39648,10760,41084,35648
2025-07-07T12:05:05.090219,SENSOR_NODE_01,a000000000000001,25.8,40.0,21064,54664,49728,56656,17420,41632,3684,59884
2025-07-07T12:05:06.973111,SENSOR_NODE_02,a000000000000002,25.8,40.5,35864,64364,65028,23120,348,54096,28184,20348
2025-07-07T12:05:10.663803,SENSOR_NODE_01,a000000000000001,25.8,40.0,11464,41964,32228,31156,10928,47304,30220,10584
2025-07-07T12:05:12.708097,SENSOR_NODE_02,a000000000000002,25.8,40.5,20264,45664,38528,46356,26828,13168,35320,10884
2025-07-07T12:05:16.204618,SENSOR_NODE_01,a000000000000001,25.8,40.0,63200,23864,4828,54492,61544,15776,40756,4820
2025-07-07T12:05:18.114482,SENSOR_NODE_02,a000000000000002,25.8,40.5,14064,38664,27428,29256,31400,20304,20620,57720
2025-07-07T12:05:21.921183,SENSOR_NODE_01,a000000000000001,25.8,40.0,2964,30964,15628,5556,836,14640,63156,33420
2025-07-07T12:05:23.988981,SENSOR_NODE_02,a000000000000002,25.8,40.5,18464,43664,35028,40856,61264,5968,34920,10484
2025-07-07T12:05:27.653929,SENSOR_NODE_01,a000000000000001,25.8,39.5,6864,35864,22628,16256,29300,65040,12720,53320
2025-07-07T12:05:29.371800,SENSOR_NODE_02,a000000000000002,25.8,40.5,22464,47964,41628,51756,17092,53168,48720,28684
2025-07-07T12:05:33.076920,SENSOR_NODE_01,a000000000000001,25.8,39.5,4764,32964,18028,9056,41536,40040,220,37720
2025-07-07T12:05:34.995895,SENSOR_NODE_02,a000000000000002,25.8,40.5,15664,39064,28028,29656,60900,45604,14020,52620
2025-07-07T12:05:38.907385,SENSOR_NODE_01,a000000000000001,25.8,39.5,62000,22464,2328,51192,37744,4776,33556,60956
2025-07-07T12:05:40.766240,SENSOR_NODE_02,a000000000000002,25.8,41.0,4164,25464,7428,63092,7008,49976,40056,2420
2025-07-07T12:05:44.448243,SENSOR_NODE_01,a000000000000001,25.8,40.0,56500,15564,57464,35092,35216,5112,12856,33756
2025-07-07T12:05:46.291806,SENSOR_NODE_02,a000000000000002,25.8,41.0,2964,24564,5628,60292,51544,36976,37056,62356
2025-07-07T12:05:49.952939,SENSOR_NODE_01,a000000000000001,25.8,40.0,58500,18364,61464,41392,20780,29512,22456,46356
2025-07-07T12:05:52.028925,SENSOR_NODE_02,a000000000000002,25.8,41.0,5764,27664,10628,2356,45108,2340,48356,10520
2025-07-07T12:05:55.722103,SENSOR_NODE_01,a000000000000001,25.8,40.0,58200,17464,60364,39292,9180,27112,18356,41256
2025-07-07T12:05:57.513001,SENSOR_NODE_02,a000000000000002,25.8,41.0,6364,29664,13228,6456,60908,7640,51556,11820
2025-07-07T12:06:01.230661,SENSOR_NODE_01,a000000000000001,25.8,39.5,60000,19864,64564,45492,63880,54512,29256,55056
2025-07-07T12:06:03.292242,SENSOR_NODE_02,a000000000000002,25.8,41.0,8964,33264,17928,16656,61972,26340,5220,39620
2025-07-07T12:06:06.984279,SENSOR_NODE_01,a000000000000001,25.8,40.0,4764,33864,18828,10556,52436,52440,60256,31820
2025-07-07T12:06:08.824100,SENSOR_NODE_02,a000000000000002,25.8,41.0,18364,43964,34428,43156,6428,2768,41720,22784
2025-07-07T12:06:12.498370,SENSOR_NODE_01,a000000000000001,25.8,40.0,13964,45464,36528,37056,25792,48168,35120,20084
2025-07-07T12:06:14.554185,SENSOR_NODE_02,a000000000000002,25.8,41.0,26464,53464,48728,64556,47556,33432,6084,59684
2025-07-07T12:06:18.084894,SENSOR_NODE_01,a000000000000001,25.8,40.0,10164,39764,28428,28156,16928,55104,32820,16084
2025-07-07T12:06:20.021941,SENSOR_NODE_02,a000000000000002,25.8,41.0,27264,55264,51228,4820,1020,26832,12184,1248
2025-07-07T12:06:23.770759,SENSOR_NODE_01,a000000000000001,25.8,39.5,12664,42964,33728,35856,9392,17368,44420,31384
2025-07-07T12:06:25.824478,SENSOR_NODE_02,a000000000000002,25.8,40.5,32264,60864,60228,18920,45984,17896,31584,26448
2025-07-07T12:06:29.504667,SENSOR_NODE_01,a000000000000001,25.8,39.5,18364,51164,44528,50256,18456,22632,384,58584
2025-07-07T12:06:31.349229,SENSOR_NODE_02,a000000000000002,25.8,40.5,39864,3228,7292,34520,40812,39960,50184,47948
2025-07-07T12:06:35.026195,SENSOR_NODE_01,a000000000000001,25.8,39.5,23164,58064,54728,64756,5884,15096,14184,9248
2025-07-07T12:06:37.084371,SENSOR_NODE_02,a000000000000002,25.8,40.5,39464,2628,6392,33820,36012,32160,48384,46548
2025-07-07T12:06:40.771182,SENSOR_NODE_01,a000000000000001,25.8,39.5,22664,57564,53828,63456,57920,6496,10284,5048
2025-07-07T12:06:42.532254,SENSOR_NODE_02,a000000000000002,25.8,40.5,40164,3428,7492,35820,52512,40760,52484,51648
2025-07-07T12:06:46.287020,SENSOR_NODE_01,a000000000000001,25.8,39.5,25364,60964,59128,5820,58084,41496,22684,21048
2025-07-07T12:06:48.353085,SENSOR_NODE_02,a000000000000002,25.8,40.5,42364,6128,11492,42220,34476,64760,60484,61648
2025-07-07T12:06:52.033688,SENSOR_NODE_01,a000000000000001,25.8,39.5,26564,62464,61128,8620,21448,58896,26984,26548
2025-07-07T12:06:53.797608,SENSOR_NODE_02,a000000000000002,25.8,40.5,43864,7828,14192,45920,2440,19424,648,3412
2025-07-07T12:06:57.556139,SENSOR_NODE_01,a000000000000001,25.8,39.5,26264,62064,60728,8120,14448,53696,25784,24748
2025-07-07T12:06:59.609252,SENSOR_NODE_02,a000000000000002,25.8,40.5,42364,5928,11492,41420,35376,3224,57984,59448
2025-07-07T12:07:03.304374,SENSOR_NODE_01,a000000000000001,25.8,39.5,22964,57464,53528,63756,48620,996,11384,7548
2025-07-07T12:07:05.050142,SENSOR_NODE_02,a000000000000002,25.8,40.0,38664,1428,4192,30820,30312,36360,45184,42148
2025-07-07T12:07:08.819137,SENSOR_NODE_01,a000000000000001,25.8,39.5,23664,57464,55328,320,43784,2896,16084,12948
2025-07-07T12:07:10.880339,SENSOR_NODE_02,a000000000000002,25.8,40.0,45364,11528,17492,56120,17704,42824,10948,15812
2025-07-07T12:07:14.562985,SENSOR_NODE_01,a000000000000001,25.8,39.5,24064,58064,55628,1120,59084,13696,17684,15048
2025-07-07T12:07:16.305058,SENSOR_NODE_02,a000000000000002,25.8,40.0,44064,9628,15292,52220,57440,27224,5048,8612
2025-07-07T12:07:20.080976,SENSOR_NODE_01,a000000000000001,25.8,39.5,23564,57364,54728,65156,49084,10496,15684,12848
2025-07-07T12:07:22.137752,SENSOR_NODE_02,a000000000000002,25.9,40.0,43164,8828,13592,50220,40940,19024,1748,4712
2025-07-07T12:07:25.620002,SENSOR_NODE_01,a000000000000001,25.8,39.5,20164,52964,48328,55456,31520,33432,1584,59684
2025-07-07T12:07:27.568612,SENSOR_NODE_02,a000000000000002,25.8,40.0,32864,61564,59728,21720,63048,50396,34084,29148
2025-07-07T12:07:31.355071,SENSOR_NODE_01,a000000000000001,25.8,39.5,19164,51664,46328,52856,9020,20432,65520,57584
2025-07-07T12:07:33.406711,SENSOR_NODE_02,a000000000000002,25.8,40.0,38364,3128,5092,36320,12076,34760,53784,52748
2025-07-07T12:07:36.884218,SENSOR_NODE_01,a000000000000001,25.8,39.5,17764,49964,43528,48556,39756,4032,56720,46384
2025-07-07T12:07:38.822425,SENSOR_NODE_02,a000000000000002,25.8,40.5,32764,62064,60728,19520,63784,35696,29984,23448
2025-07-07T12:07:42.618869,SENSOR_NODE_01,a000000000000001,25.8,39.5,12964,43864,34228,34856,54128,7168,38620,22384
2025-07-07T12:07:44.673276,SENSOR_NODE_02,a000000000000002,25.9,40.5,27564,55764,51228,5720,34020,46232,8984,61784
2025-07-07T12:07:48.095031,SENSOR_NODE_01,a000000000000001,25.8,39.5,11264,41564,31028,29556,12928,57104,34620,17084
2025-07-07T12:07:50.086934,SENSOR_NODE_02,a000000000000002,25.8,40.5,33264,62764,61328,22120,23448,41296,32384,26548
2025-07-07T12:07:53.889330,SENSOR_NODE_01,a000000000000001,25.8,39.5,18364,50764,44528,50256,55256,12832,62820,54484
2025-07-07T12:07:55.707969,SENSOR_NODE_02,a000000000000002,25.9,40.5,39564,4328,6492,39120,32776,51760,54484,54748
2025-07-07T12:07:59.333585,SENSOR_NODE_01,a000000000000001,25.8,39.5,21564,54664,50728,59456,2784,52832,9884,5348
2025-07-07T12:08:01.340878,SENSOR_NODE_02,a000000000000002,25.8,40.0,44264,9628,14892,52320,6504,42224,7748,12912
2025-07-07T12:08:05.063968,SENSOR_NODE_01,a000000000000001,25.8,39.5,24564,58764,56528,3020,13348,25696,21184,20348
2025-07-07T12:08:06.964373,SENSOR_NODE_02,a000000000000002,25.8,40.0,44764,10728,16092,54320,16104,43624,8548,14512
2025-07-07T12:08:10.676224,SENSOR_NODE_01,a000000000000001,25.8,39.5,23564,57064,54028,64656,54584,15696,16884,15048
2025-07-07T12:08:12.725107,SENSOR_NODE_02,a000000000000002,25.8,40.0,44364,9028,14492,50620,61040,41424,6048,11612
2025-07-07T12:08:16.210602,SENSOR_NODE_01,a000000000000001,25.8,39.5,22964,56064,52428,61856,39584,14496,10984,7448
2025-07-07T12:08:18.253902,SENSOR_NODE_02,a000000000000002,25.8,40.0,40964,4528,7692,38920,56876,14224,56384,59048
2025-07-07T12:08:21.836346,SENSOR_NODE_01,a000000000000001,25.8,39.5,22864,56064,52328,61956,35984,9696,11884,8648
2025-07-07T12:08:23.988502,SENSOR_NODE_02,a000000000000002,25.8,40.0,39564,1528,4192,30420,55112,53360,46384,48148
2025-07-07T12:08:27.450089,SENSOR_NODE_01,a000000000000001,25.8,39.5,17964,49264,42128,46156,31456,7432,52920,42484
2025-07-07T12:08:29.487202,SENSOR_NODE_02,a000000000000002,25.8,40.0,36064,64564,64628,23320,4612,38360,32984,27548
2025-07-07T12:08:33.092221,SENSOR_NODE_01,a000000000000001,25.8,39.5,12464,42464,32328,30956,36128,11168,32120,14084
2025-07-07T12:08:35.113876,SENSOR_NODE_02,a000000000000002,25.8,40.0,27564,53564,49728,64656,25520,10696,1384,52884
2025-07-07T12:08:38.734394,SENSOR_NODE_01,a000000000000001,25.8,39.5,11764,41664,31328,29456,19328,1768,28320,9184
2025-07-07T12:08:40.737730,SENSOR_NODE_02,a000000000000002,25.8,40.0,23964,48764,42928,54256,13956,35832,44020,23284
2025-07-07T12:08:44.469672,SENSOR_NODE_01,a000000000000001,25.8,39.5,7464,35364,22228,14756,39600,17704,9920,51020
2025-07-07T12:08:46.524542,SENSOR_NODE_02,a000000000000002,25.8,41.0,21264,45764,38028,46756,15292,1232,38220,15784
2025-07-07T12:08:49.999951,SENSOR_NODE_01,a000000000000001,25.8,39.5,2764,29264,13328,1156,59272,28240,56856,26720
2025-07-07T12:08:52.046949,SENSOR_NODE_02,a000000000000002,25.8,40.5,16264,39464,29028,32856,42164,10568,20820,58620
2025-07-07T12:08:55.737988,SENSOR_NODE_01,a000000000000001,25.8,39.5,464,26364,8828,60092,3872,1640,47956,14920
2025-07-07T12:08:57.793346,SENSOR_NODE_02,a000000000000002,25.8,40.5,15864,39264,28428,31456,34464,9168,21820,59720
2025-07-07T12:09:01.264712,SENSOR_NODE_01,a000000000000001,25.8,39.5,6664,34464,21128,12856,28500,13704,8720,49420
2025-07-07T12:09:03.257554,SENSOR_NODE_02,a000000000000002,25.8,40.0,22264,46364,39328,48956,44992,16832,43020,21984
2025-07-07T12:09:07.001846,SENSOR_NODE_01,a000000000000001,25.8,39.5,4664,31764,16828,6556,41236,54040,63856,35720
2025-07-07T12:09:08.930147,SENSOR_NODE_02,a000000000000002,25.8,40.0,20164,44164,35728,43156,64828,59368,37820,15084
2025-07-07T12:09:12.450300,SENSOR_NODE_01,a000000000000001,25.8,39.5,10464,39064,27928,23356,53664,58704,25320,5184
2025-07-07T12:09:14.513425,SENSOR_NODE_02,a000000000000002,25.8,40.0,30864,58264,55528,8320,18484,36296,12784,548
2025-07-07T12:09:18.074932,SENSOR_NODE_01,a000000000000001,25.8,39.5,13664,43164,33828,32456,292,35368,35420,18684
2025-07-07T12:09:20.135023,SENSOR_NODE_02,a000000000000002,25.8,40.0,32364,57764,57128,9020,48184,58996,11984,2048
2025-07-07T12:09:23.804793,SENSOR_NODE_01,a000000000000001,25.8,39.5,16164,46664,39028,40456,62092,59968,45720,31384
2025-07-07T12:09:25.838368,SENSOR_NODE_02,a000000000000002,25.8,40.0,33764,59664,59828,12920,16248,8960,20084,11148
2025-07-07T12:09:29.329315,SENSOR_NODE_01,a000000000000001,25.8,39.5,17664,48764,41728,44456,33556,18032,52320,40284
2025-07-07T12:09:31.571928,SENSOR_NODE_02,a000000000000002,25.8,40.0,37664,64764,1492,25420,35012,50960,42184,37348
2025-07-07T12:09:35.040017,SENSOR_NODE_01,a000000000000001,25.8,39.5,18064,48664,42228,44756,39056,18032,51720,40384
2025-07-07T12:09:37.093295,SENSOR_NODE_02,a000000000000002,25.8,40.0,39564,2128,5492,34120,33576,12624,44784,40848
2025-07-07T12:09:40.580302,SENSOR_NODE_01,a000000000000001,25.8,39.5,23364,55564,52128,60556,35084,16496,9384,5248
2025-07-07T12:09:42.655867,SENSOR_NODE_02,a000000000000002,25.8,40.0,48164,12328,20592,55320,10968,49788,13148,19012
2025-07-07T12:09:46.223048,SENSOR_NODE_01,a000000000000001,25.8,39.5,26064,59564,57928,4120,40948,51696,21184,20348
2025-07-07T12:09:48.280071,SENSOR_NODE_02,a000000000000002,25.8,40.0,49764,14528,23992,60820,51668,1552,19148,26012
2025-07-07T12:09:51.848889,SENSOR_NODE_01,a000000000000001,25.7,39.5,26264,59664,57828,3520,42248,56696,18784,17648
2025-07-07T12:09:54.099473,SENSOR_NODE_02,a000000000000002,25.8,40.0,44364,5828,10792,39520,28840,59424,61484,2912
2025-07-07T12:09:57.446202,SENSOR_NODE_01,a000000000000001,25.8,39.5,26064,58964,56828,2120,33748,55296,15484,13848
2025-07-07T12:09:59.582863,SENSOR_NODE_02,a000000000000002,25.8,40.5,41264,2028,5492,31720,59976,47424,44784,46748
2025-07-07T12:10:03.071588,SENSOR_NODE_01,a000000000000001,25.8,39.5,22764,55164,50928,58456,19884,16096,5284,348
2025-07-07T12:10:05.167076,SENSOR_NODE_02,a000000000000002,25.8,40.5,40764,2628,5092,31120,2440,55024,41584,41748
2025-07-07T12:10:08.847304,SENSOR_NODE_01,a000000000000001,25.7,39.5,21464,53164,48228,54456,51320,63832,64720,58084
2025-07-07T12:10:10.882166,SENSOR_NODE_02,a000000000000002,25.8,40.5,36164,61764,61828,17820,312,42760,27884,24748
2025-07-07T12:10:14.391329,SENSOR_NODE_01,a000000000000001,25.8,39.5,20464,52164,47028,52856,42920,55232,63720,56284
2025-07-07T12:10:16.426022,SENSOR_NODE_02,a000000000000002,25.8,40.5,39064,228,3092,29320,5576,3024,38784,36448
2025-07-07T12:10:19.976707,SENSOR_NODE_01,a000000000000001,25.8,39.5,16064,45864,37328,38356,64992,6832,42020,30384
2025-07-07T12:10:22.053441,SENSOR_NODE_02,a000000000000002,25.8,40.5,30664,55464,52028,2120,52284,5760,484,55484
2025-07-07T12:10:25.642309,SENSOR_NODE_01,a000000000000001,25.8,39.5,15164,45264,36628,36756,38192,56968,40020,25384
2025-07-07T12:10:27.895112,SENSOR_NODE_02,a000000000000002,25.8,40.5,33564,59864,59028,13020,16948,13960,16984,10048
2025-07-07T12:10:31.374387,SENSOR_NODE_01,a000000000000001,25.8,39.5,13364,42864,33128,31756,64328,34968,33120,16184
2025-07-07T12:10:33.305584,SENSOR_NODE_02,a000000000000002,25.8,40.0,30464,55764,53628,3820,1384,29696,6484,61984
2025-07-07T12:10:36.819044,SENSOR_NODE_01,a000000000000001,25.8,39.5,12564,41964,31728,29456,48128,27968,30520,12784
2025-07-07T12:10:38.961833,SENSOR_NODE_02,a000000000000002,25.8,40.5,29664,54664,51928,820,41020,15096,2084,56784
2025-07-07T12:10:42.639257,SENSOR_NODE_01,a000000000000001,25.8,39.5,8364,36564,23628,17356,10464,42504,13620,55820
2025-07-07T12:10:44.687501,SENSOR_NODE_02,a000000000000002,25.8,40.5,22064,45664,38028,45356,58328,51768,39420,21684
2025-07-07T12:10:48.068892,SENSOR_NODE_01,a000000000000001,25.8,39.5,4064,30864,15328,4656,35136,53640,60056,31220
2025-07-07T12:10:50.193733,SENSOR_NODE_02,a000000000000002,25.8,40.0,16664,39264,28628,30056,17664,64704,17020,57920
2025-07-07T12:10:53.921162,SENSOR_NODE_01,a000000000000001,25.8,39.5,62800,22264,2528,50592,2308,38176,32456,60456
2025-07-07T12:10:55.825303,SENSOR_NODE_02,a000000000000002,25.8,40.0,6864,27364,10728,2056,61508,20240,41256,6420
2025-07-07T12:10:59.315789,SENSOR_NODE_01,a000000000000001,25.8,39.5,57100,14964,56864,33492,59216,37712,10056,31356
2025-07-07T12:11:01.482344,SENSOR_NODE_02,a000000000000002,25.8,40.0,3264,23664,4928,58292,48844,45376,33956,61556
2025-07-07T12:11:05.169533,SENSOR_NODE_01,a000000000000001,25.8,39.5,57800,15864,58364,35892,10480,44712,13956,36256
2025-07-07T12:11:07.079656,SENSOR_NODE_02,a000000000000002,25.8,40.0,5164,25464,7828,63192,22408,440,41356,5620
2025-07-07T12:11:10.657657,SENSOR_NODE_01,a000000000000001,25.8,39.5,61200,19964,64164,44492,17144,16776,25756,51556
2025-07-07T12:11:12.713807,SENSOR_NODE_02,a000000000000002,25.8,40.0,11564,34264,20528,17556,28036,2704,1720,35720
2025-07-07T12:11:16.228436,SENSOR_NODE_01,a000000000000001,25.8,39.0,61500,20264,65364,46192,35644,24876,27556,54456
2025-07-07T12:11:18.480972,SENSOR_NODE_02,a000000000000002,25.8,40.0,7364,27864,11328,3456,63008,18240,45956,12720
2025-07-07T12:11:21.920932,SENSOR_NODE_01,a000000000000001,25.8,39.0,59400,17564,60864,39592,46980,64112,17956,41756
2025-07-07T12:11:23.973251,SENSOR_NODE_02,a000000000000002,25.8,40.0,7964,29764,13028,7856,34972,33840,51756,16820
2025-07-07T12:11:27.494434,SENSOR_NODE_01,a000000000000001,25.8,39.0,59900,18064,61764,40592,57880,4376,19556,43856
2025-07-07T12:11:29.589151,SENSOR_NODE_02,a000000000000002,25.8,40.0,6664,28264,10828,4856,17972,24640,47056,10720
2025-07-07T12:11:33.183979,SENSOR_NODE_01,a000000000000001,25.8,39.0,59500,17564,60964,39192,47380,64312,18856,43056
2025-07-07T12:11:35.216742,SENSOR_NODE_02,a000000000000002,25.8,40.0,8264,29964,13528,9156,41572,33740,53156,18420
2025-07-07T12:11:38.755343,SENSOR_NODE_01,a000000000000001,25.8,39.5,59200,17164,60464,38492,43180,63512,16556,39656
2025-07-07T12:11:40.849397,SENSOR_NODE_02,a000000000000002,25.8,40.0,6664,28464,10928,4756,16672,23840,47056,10620
2025-07-07T12:11:44.448960,SENSOR_NODE_01,a000000000000001,25.8,39.5,59800,17964,61564,40292,57880,4576,19456,43456
2025-07-07T12:11:46.496575,SENSOR_NODE_02,a000000000000002,25.8,40.0,8464,30364,13928,9656,54072,41440,54556,19920
2025-07-07T12:11:50.017450,SENSOR_NODE_01,a000000000000001,25.8,39.5,62500,21764,1228,48892,49444,32376,31456,59856
2025-07-07T12:11:52.260664,SENSOR_NODE_02,a000000000000002,25.8,40.0,8964,28664,12828,3756,36172,58240,47756,17820
2025-07-07T12:11:55.645260,SENSOR_NODE_01,a000000000000001,25.8,39.5,59300,16464,59464,37492,37280,3576,15456,41856
2025-07-07T12:11:57.769418,SENSOR_NODE_02,a000000000000002,25.8,40.5,6064,25364,8028,62692,39408,23840,40356,8320
2025-07-07T12:13:44.664334,SENSOR_NODE_02,a000000000000002,25.9,40.0,15764,39164,25828,24956,25500,22368,11520,47920
2025-07-07T12:13:48.097331,SENSOR_NODE_01,a000000000000001,25.8,39.0,4164,32264,14228,2356,64072,2104,55956,23420
2025-07-07T12:13:50.294827,SENSOR_NODE_02,a000000000000002,25.9,40.0,14964,37564,26428,27156,19900,34504,16320,55220
2025-07-07T12:13:53.699826,SENSOR_NODE_01,a000000000000001,25.8,39.0,3764,31264,15928,6056,32536,51640,63356,34620
2025-07-07T12:13:55.929069,SENSOR_NODE_02,a000000000000002,25.9,40.5,18664,41764,32928,37456,28164,3568,28520,5084
2025-07-07T12:13:59.320024,SENSOR_NODE_01,a000000000000001,25.8,39.0,3064,30464,14728,4056,15136,42340,60456,30520
2025-07-07T12:14:01.543267,SENSOR_NODE_02,a000000000000002,25.9,40.0,18764,42064,33528,38056,32564,6368,30220,6884
2025-07-07T12:14:04.944140,SENSOR_NODE_01,a000000000000001,25.8,39.0,4764,32564,18028,9056,55036,62640,2320,40120
2025-07-07T12:14:07.170983,SENSOR_NODE_02,a000000000000002,25.9,40.0,20264,43964,36328,42456,63864,21568,35420,13784
2025-07-07T12:14:10.563036,SENSOR_NODE_01,a000000000000001,25.8,39.0,4164,32064,16928,7256,40736,57140,520,37620
2025-07-07T12:14:12.928234,SENSOR_NODE_02,a000000000000002,25.9,40.0,23564,47764,42228,51956,2392,55768,49720,31784
2025-07-07T12:14:16.193332,SENSOR_NODE_01,a000000000000001,25.8,39.0,5664,34064,20228,12156,13600,7404,5120,43420
2025-07-07T12:14:18.432495,SENSOR_NODE_02,a000000000000002,25.8,40.0,19964,43664,35928,41856,56564,17168,34220,12084
2025-07-07T12:14:21.811969,SENSOR_NODE_01,a000000000000001,25.8,39.0,4364,32264,17628,8156,44436,56040,65056,36220
2025-07-07T12:14:24.059189,SENSOR_NODE_02,a000000000000002,25.8,39.5,17764,41164,31928,35556,9564,58904,25120,384
2025-07-07T12:14:27.439949,SENSOR_NODE_01,a000000000000001,25.8,39.0,2364,29664,13528,2156,58272,31040,58556,27620
2025-07-07T12:14:29.731485,SENSOR_NODE_02,a000000000000002,25.8,39.5,20064,43864,36328,42456,57764,15368,36020,13884
2025-07-07T12:14:33.243631,SENSOR_NODE_01,a000000000000001,25.8,39.0,4264,32164,17628,8256,41136,52640,120,36720
2025-07-07T12:14:35.460982,SENSOR_NODE_02,a000000000000002,25.8,39.5,19864,43664,36128,41956,53864,13568,35420,13184
2025-07-07T12:14:38.689848,SENSOR_NODE_01,a000000000000001,25.8,39.0,7064,35764,22828,16456,43800,21004,12120,52520
2025-07-07T12:14:40.944088,SENSOR_NODE_02,a000000000000002,25.8,39.5,23564,47964,42628,52156,3292,54368,48720,30184
2025-07-07T12:14:44.380532,SENSOR_NODE_01,a000000000000001,25.8,39.0,5764,34164,20528,12556,14100,7704,5620,43920
2025-07-07T12:14:46.762043,SENSOR_NODE_02,a000000000000002,25.8,39.5,19964,43864,36128,42056,57364,17768,34520,11984
2025-07-07T12:14:49.943896,SENSOR_NODE_01,a000000000000001,25.8,39.0,5664,34164,20228,12256,12800,7304,6920,45520
2025-07-07T12:14:52.196923,SENSOR_NODE_02,a000000000000002,25.8,39.5,24064,48664,43728,53656,14892,62168,52620,35284
2025-07-07T12:14:55.753471,SENSOR_NODE_01,a000000000000001,25.8,39.0,13164,43664,34628,34156,63428,32768,37820,20384
2025-07-07T12:14:57.845957,SENSOR_NODE_02,a000000000000002,25.8,39.5,31364,57064,56428,8420,38920,10096,11284,448
2025-07-07T12:15:01.186384,SENSOR_NODE_01,a000000000000001,25.8,39.0,12064,42164,32528,30956,36128,18168,32120,12784
2025-07-07T12:15:03.488057,SENSOR_NODE_02,a000000000000002,25.8,39.5,29764,55164,53628,3920,2020,57632,6784,59984
2025-07-07T12:15:06.812731,SENSOR_NODE_01,a000000000000001,25.8,39.0,13264,43764,34928,34556,792,33668,37920,20284
2025-07-07T12:15:09.099719,SENSOR_NODE_02,a000000000000002,25.8,39.5,32864,58864,58928,12420,3984,27696,18884,10548
2025-07-07T12:15:12.435740,SENSOR_NODE_01,a000000000000001,25.7,39.0,16864,48464,41828,45156,25356,13832,51620,38684
2025-07-07T12:15:14.732669,SENSOR_NODE_02,a000000000000002,25.8,39.5,33164,59064,59328,12920,11084,30696,17484,8748
2025-07-07T12:15:18.079081,SENSOR_NODE_01,a000000000000001,25.7,39.0,11264,41064,31028,28656,16628,8768,28820,8484
2025-07-07T12:15:20.353954,SENSOR_NODE_02,a000000000000002,25.8,39.5,29064,54264,52128,1720,54956,51032,3584,56684
2025-07-07T12:15:23.692693,SENSOR_NODE_01,a000000000000001,25.7,39.0,11164,41064,30728,28256,16728,10768,28220,8184
2025-07-07T12:15:25.982959,SENSOR_NODE_02,a000000000000002,25.8,39.5,27064,51764,48428,61356,12656,31832,60420,45384
2025-07-07T12:15:29.312269,SENSOR_NODE_01,a000000000000001,25.7,39.0,9164,38364,26728,22056,34464,53104,20620,63720
2025-07-07T12:15:31.614224,SENSOR_NODE_02,a000000000000002,25.8,39.5,26664,51464,47728,60056,4556,28032,59220,43984
2025-07-07T12:15:35.094656,SENSOR_NODE_01,a000000000000001,25.7,39.0,7464,36264,23228,16956,58000,34304,12120,52820
2025-07-07T12:15:37.347753,SENSOR_NODE_02,a000000000000002,25.7,39.5,22664,46664,40428,49056,50528,49168,43820,24484
2025-07-07T12:15:40.624733,SENSOR_NODE_01,a000000000000001,25.7,39.0,4364,32164,17328,8056,49536,61240,65156,36620
2025-07-07T12:15:43.083338,SENSOR_NODE_02,a000000000000002,25.8,39.5,17164,40164,30528,33456,64700,56904,22020,62020
2025-07-07T12:15:46.355575,SENSOR_NODE_01,a000000000000001,25.7,39.0,1864,28664,12228,156,51572,31640,55856,24520
2025-07-07T12:15:48.599584,SENSOR_NODE_02,a000000000000002,25.7,39.5,18064,41264,32128,36056,19864,2968,26820,2584
2025-07-07T12:15:51.806315,SENSOR_NODE_01,a000000000000001,25.7,39.0,3464,30764,15128,4756,26036,52640,61756,32520
2025-07-07T12:15:54.119811,SENSOR_NODE_02,a000000000000002,25.8,39.5,19664,42964,34528,40156,53764,20768,32920,10884
2025-07-07T12:15:57.439144,SENSOR_NODE_01,a000000000000001,25.7,39.0,5364,33264,18828,10256,9300,11304,3920,42320
2025-07-07T12:15:59.756725,SENSOR_NODE_02,a000000000000002,25.8,39.5,20564,43964,36228,42556,9428,31568,36020,14884
2025-07-07T12:16:03.075115,SENSOR_NODE_01,a000000000000001,25.7,39.0,2264,29164,12728,1056,63572,38040,54256,22620
2025-07-07T12:16:05.382244,SENSOR_NODE_02,a000000000000002,25.7,39.5,11664,33264,19928,17056,15336,2104,65356,34320
2025-07-07T12:16:08.681704,SENSOR_NODE_01,a000000000000001,25.7,39.0,61300,20664,65364,46992,34744,26776,28656,55256
2025-07-07T12:16:11.007989,SENSOR_NODE_02,a000000000000002,25.7,39.5,7664,28564,12728,5756,60608,25440,51156,16220
2025-07-07T12:16:14.414068,SENSOR_NODE_01,a000000000000001,25.7,39.0,60400,19564,63764,44592,14944,17376,26256,51856
2025-07-07T12:16:16.671781,SENSOR_NODE_02,a000000000000002,25.7,39.5,7664,28564,12828,5856,62608,25240,51156,16620
2025-07-07T12:16:19.935412,SENSOR_NODE_01,a000000000000001,25.7,39.0,59200,17864,61164,40692,48180,1576,20656,44656
2025-07-07T12:16:22.272810,SENSOR_NODE_02,a000000000000002,25.7,39.5,6864,27664,11428,3756,44508,16440,48756,13320
2025-07-07T12:16:25.575351,SENSOR_NODE_01,a000000000000001,25.7,39.0,58700,17164,60164,39092,38680,62912,18656,41956
2025-07-07T12:16:27.931229,SENSOR_NODE_02,a000000000000002,25.7,39.5,7164,28064,11728,4156,51108,19640,50756,16020
2025-07-07T12:16:31.177290,SENSOR_NODE_01,a000000000000001,25.7,39.0,59800,18664,62364,42792,1644,10976,23056,47956
2025-07-07T12:16:33.522779,SENSOR_NODE_02,a000000000000002,25.7,39.5,6964,27764,11428,3556,46408,18040,48956,13320
2025-07-07T12:16:36.811931,SENSOR_NODE_01,a000000000000001,25.7,39.0,58700,17364,60164,39392,40780,64312,18756,42456
2025-07-07T12:16:39.201931,SENSOR_NODE_02,a000000000000002,25.7,39.5,6664,27464,10728,2656,40308,15140,48156,13020
2025-07-07T12:16:42.435253,SENSOR_NODE_01,a000000000000001,25.7,39.0,58700,17164,60064,39292,40780,63912,18156,41856
2025-07-07T12:16:44.784487,SENSOR_NODE_02,a000000000000002,25.7,39.5,5364,25864,8528,64792,14608,1640,42856,6020
2025-07-07T12:16:48.206211,SENSOR_NODE_01,a000000000000001,25.7,39.0,57500,15564,57664,35492,10080,49112,13056,35156
2025-07-07T12:16:50.406010,SENSOR_NODE_02,a000000000000002,25.7,39.5,4364,24564,6728,61592,57344,56576,38956,1420
2025-07-07T12:16:53.683778,SENSOR_NODE_01,a000000000000001,25.7,39.0,57000,14864,56864,33992,62516,42712,11056,32656
2025-07-07T12:16:56.039371,SENSOR_NODE_02,a000000000000002,25.7,39.5,3164,23064,4428,58492,31644,42576,33656,59656
2025-07-07T12:16:59.301263,SENSOR_NODE_01,a000000000000001,25.7,39.0,54400,11464,51564,26392,416,13112,56,18256
2025-07-07T12:17:01.726006,SENSOR_NODE_02,a000000000000002,25.7,39.5,65000,18864,63264,47892,18680,4776,19556,42056
2025-07-07T12:17:05.024281,SENSOR_NODE_01,a000000000000001,25.7,39.0,52600,9264,48064,20792,20852,57648,57692,8056
2025-07-07T12:17:07.296634,SENSOR_NODE_02,a000000000000002,25.7,39.5,62700,16064,58864,41092,35216,47312,9856,29856
2025-07-07T12:17:10.588115,SENSOR_NODE_01,a000000000000001,25.7,39.0,51100,7364,45064,16292,50988,41448,52192,756
2025-07-07T12:17:12.926273,SENSOR_NODE_02,a000000000000002,25.7,39.5,62100,15264,57864,39592,21016,39512,8456,28056
2025-07-07T12:17:16.185972,SENSOR_NODE_01,a000000000000001,25.7,39.0,51000,7164,44964,15992,49188,39648,51692,356
2025-07-07T12:17:18.720801,SENSOR_NODE_02,a000000000000002,25.7,39.5,62100,15164,57864,39592,20916,38912,8656,28356
2025-07-07T12:17:21.996674,SENSOR_NODE_01,a000000000000001,25.7,39.0,51000,7064,44964,15992,48088,39248,51792,256
2025-07-07T12:17:24.243313,SENSOR_NODE_02,a000000000000002,25.7,39.5,62400,15664,58664,40392,27816,42512,10356,30356
2025-07-07T12:17:27.528534,SENSOR_NODE_01,a000000000000001,25.7,39.0,52000,8464,46964,19092,6952,49448,55992,5756
2025-07-07T12:17:29.990131,SENSOR_NODE_02,a000000000000002,25.7,39.5,63200,16464,59864,42592,43016,49712,12856,33356
2025-07-07T12:17:33.265253,SENSOR_NODE_01,a000000000000001,25.7,39.0,52800,9364,48564,21592,26152,59448,59992,10856
2025-07-07T12:17:35.449950,SENSOR_NODE_02,a000000000000002,25.7,39.5,65400,19464,64364,49592,28780,8576,22656,45656
2025-07-07T12:17:38.665077,SENSOR_NODE_01,a000000000000001,25.7,39.0,54400,11564,51764,26592,916,12712,656,18956
2025-07-07T12:17:41.256207,SENSOR_NODE_02,a000000000000002,25.7,39.5,864,20464,128,51792,45780,17976,25156,49156
2025-07-07T12:17:44.526408,SENSOR_NODE_01,a000000000000001,25.7,39.0,55500,12964,53864,29492,25516,25112,5456,25056
2025-07-07T12:17:46.779806,SENSOR_NODE_02,a000000000000002,25.7,39.5,3764,23764,5528,60092,40744,48176,37156,64156
2025-07-07T12:17:49.915394,SENSOR_NODE_01,a000000000000001,25.7,39.0,58200,16764,59364,38192,29280,58512,16956,40056
2025-07-07T12:17:52.387654,SENSOR_NODE_02,a000000000000002,25.7,39.5,6664,27464,11228,3356,41908,16340,48956,13720
2025-07-07T12:17:55.541650,SENSOR_NODE_01,a000000000000001,25.7,39.0,59900,18864,62464,42892,3244,12576,23456,48456
2025-07-07T12:17:57.939833,SENSOR_NODE_02,a000000000000002,25.7,39.5,6564,26964,9728,1356,41408,16240,48556,14820
2025-07-07T12:18:01.170535,SENSOR_NODE_01,a000000000000001,25.7,39.0,59500,18064,61764,41092,59080,7576,21556,46056
2025-07-07T12:18:03.574925,SENSOR_NODE_02,a000000000000002,25.7,39.5,6064,26064,9628,256,24208,7040,44456,8120
2025-07-07T12:18:06.802647,SENSOR_NODE_01,a000000000000001,25.7,39.0,58400,16764,59764,38192,30580,58712,17356,40656
2025-07-07T12:18:09.200581,SENSOR_NODE_02,a000000000000002,25.7,39.5,6664,27164,11028,2256,38608,14040,48556,13120
2025-07-07T12:18:12.434942,SENSOR_NODE_01,a000000000000001,25.7,39.0,60800,19764,64264,45292,23944,21576,28156,54756
2025-07-07T12:18:14.831285,SENSOR_NODE_02,a000000000000002,25.7,39.5,11164,32364,19328,15156,2936,61240,320,35020
2025-07-07T12:18:18.052536,SENSOR_NODE_01,a000000000000001,25.7,39.0,64000,23864,5028,54692,35108,59376,41456,6420
2025-07-07T12:18:20.460031,SENSOR_NODE_02,a000000000000002,25.7,39.5,15464,37564,27128,27456,32000,43704,16720,55920
2025-07-07T12:18:23.681929,SENSOR_NODE_01,a000000000000001,25.7,39.0,1264,27664,10728,63092,41172,28840,53756,22420
2025-07-07T12:18:26.309153,SENSOR_NODE_02,a000000000000002,25.7,39.5,17964,40364,31428,34256,17164,3968,24520,384
2025-07-07T12:18:29.298915,SENSOR_NODE_01,a000000000000001,25.7,39.0,64300,24364,5828,56092,45608,63176,39556,4020
2025-07-07T12:18:31.711829,SENSOR_NODE_02,a000000000000002,25.7,39.5,6664,27064,10928,2256,37308,13640,44856,8720
2025-07-07T12:18:34.929849,SENSOR_NODE_01,a000000000000001,25.7,39.0,57300,15264,57664,34992,3080,44512,13456,35456
2025-07-07T12:18:37.503785,SENSOR_NODE_02,a000000000000002,25.7,39.5,7564,28264,13028,5556,59708,24640,54156,20120
2025-07-07T12:18:40.579346,SENSOR_NODE_01,a000000000000001,25.7,39.0,64000,23964,5128,54592,36608,59776,41056,5720
2025-07-07T12:18:42.965985,SENSOR_NODE_02,a000000000000002,25.7,39.5,11664,33164,20328,16956,16536,2504,620,35520
2025-07-07T12:18:46.337278,SENSOR_NODE_01,a000000000000001,25.7,39.0,60100,18864,63164,43292,7144,13176,23456,48556
2025-07-07T12:18:48.601855,SENSOR_NODE_02,a000000000000002,25.7,39.5,6564,27064,10728,2056,35108,11440,47256,11220
2025-07-07T12:18:51.787460,SENSOR_NODE_01,a000000000000001,25.7,39.0,58700,16964,60364,39092,38580,62112,18356,41756
2025-07-07T12:18:54.225421,SENSOR_NODE_02,a000000000000002,25.7,39.5,5664,25964,9328,65092,18808,4240,43656,7020
2025-07-07T12:18:57.429254,SENSOR_NODE_01,a000000000000001,25.7,39.0,57700,16164,58464,36592,15080,51112,14156,36256
2025-07-07T12:18:59.860645,SENSOR_NODE_02,a000000000000002,25.7,39.5,4364,24664,7028,62192,55744,54276,38656,520
2025-07-07T12:19:03.064368,SENSOR_NODE_01,a000000000000001,25.7,39.0,55900,13564,54764,30992,36516,28912,6156,26056
2025-07-07T12:19:05.541913,SENSOR_NODE_02,a000000000000002,25.7,39.5,1164,20864,1128,53092,53480,20376,25656,49356
2025-07-07T12:19:08.674043,SENSOR_NODE_01,a000000000000001,25.7,39.0,52700,9464,48664,21392,26152,58248,58492,9056
2025-07-07T12:19:11.139242,SENSOR_NODE_02,a000000000000002,25.7,39.5,62600,15864,59064,40792,32316,44512,10156,29956
2025-07-07T12:19:14.300097,SENSOR_NODE_01,a000000000000001,25.7,39.0,50400,6264,43864,14192,34888,32248,48792,62292
2025-07-07T12:19:16.797533,SENSOR_NODE_02,a000000000000002,25.7,39.5,61400,14064,56564,37192,4716,30712,5856,24956
2025-07-07T12:19:19.962743,SENSOR_NODE_01,a000000000000001,25.7,39.0,50700,6664,44364,15192,40388,34248,50292,64092
2025-07-07T12:19:22.448170,SENSOR_NODE_02,a000000000000002,25.7,39.5,61400,14264,56764,37192,5116,30512,5756,24756
2025-07-07T12:19:25.567122,SENSOR_NODE_01,a000000000000001,25.7,39.0,50100,5764,43164,13192,27088,27648,47492,60492
2025-07-07T12:19:28.026361,SENSOR_NODE_02,a000000000000002,25.7,39.5,59800,12464,53764,32692,37052,13512,64592,16156
2025-07-07T12:19:31.168728,SENSOR_NODE_01,a000000000000001,25.7,39.0,47900,2964,38964,6792,40424,1848,38492,48592
2025-07-07T12:19:33.683292,SENSOR_NODE_02,a000000000000002,25.7,39.5,56600,8864,48164,24192,36288,46248,52392,456
2025-07-07T12:19:36.796868,SENSOR_NODE_01,a000000000000001,25.7,39.0,46000,564,35064,1192,59460,45984,30792,38592
2025-07-07T12:19:39.263032,SENSOR_NODE_02,a000000000000002,25.7,39.5,55900,7864,46664,21992,19188,37648,50292,62892
2025-07-07T12:19:42.490122,SENSOR_NODE_01,a000000000000001,25.7,39.0,45800,264,34564,392,52960,42784,29592,37192
2025-07-07T12:19:44.975852,SENSOR_NODE_02,a000000000000002,25.7,39.5,55300,6964,45464,19992,5888,31648,47692,59992
2025-07-07T12:19:48.228759,SENSOR_NODE_01,a000000000000001,25.7,39.0,45400,65300,33764,64828,44860,38984,28292,35492
2025-07-07T12:19:50.710362,SENSOR_NODE_02,a000000000000002,25.7,39.5,54800,6064,44364,17992,61424,27248,45792,57992
2025-07-07T12:19:53.749524,SENSOR_NODE_01,a000000000000001,25.7,39.0,45100,64700,33164,63428,36860,35784,26992,33892
2025-07-07T12:19:56.169307,SENSOR_NODE_02,a000000000000002,25.7,39.5,54700,6064,44164,17792,60224,26648,45592,57992
2025-07-07T12:19:59.297317,SENSOR_NODE_01,a000000000000001,25.7,39.0,45200,64900,33564,63928,41060,37384,27792,35092
2025-07-07T12:20:01.797853,SENSOR_NODE_02,a000000000000002,25.7,39.5,54700,6164,44264,17492,59824,26248,45492,57592
2025-07-07T12:20:04.931697,SENSOR_NODE_01,a000000000000001,25.7,39.0,45100,64900,33764,64128,33760,26984,26992,33992
2025-07-07T12:20:07.430340,SENSOR_NODE_02,a000000000000002,25.7,39.5,54800,6164,44464,17892,58724,24648,45692,57692
2025-07-07T12:20:10.750170,SENSOR_NODE_01,a000000000000001,25.7,39.0,45400,65200,33964,64828,44760,38384,28792,36192
2025-07-07T12:20:13.153132,SENSOR_NODE_02,a000000000000002,25.7,39.5,55600,7164,46264,20292,11588,33248,49092,61992
2025-07-07T12:20:16.166895,SENSOR_NODE_01,a000000000000001,25.6,39.0,45900,364,34864,592,56760,43584,30592,38592
2025-07-07T12:20:18.652923,SENSOR_NODE_02,a000000000000002,25.7,39.5,55700,7164,45964,20292,12888,34848,48992,62092
2025-07-07T12:20:22.017752,SENSOR_NODE_01,a000000000000001,25.7,39.0,45900,464,35064,692,58560,44984,30692,38992
2025-07-07T12:20:24.475626,SENSOR_NODE_02,a000000000000002,25.6,39.5,55400,7064,45664,19892,8288,32448,48292,61292
2025-07-07T12:20:27.552645,SENSOR_NODE_01,a000000000000001,25.7,39.0,45600,65500,34364,65128,48460,40584,29292,36992
2025-07-07T12:20:29.911645,SENSOR_NODE_02,a000000000000002,25.7,39.5,55500,7164,45964,20292,9688,33048,48692,61692
2025-07-07T12:20:33.075804,SENSOR_NODE_01,a000000000000001,25.7,39.0,46300,1064,35864,2292,65060,47584,32592,40892
2025-07-07T12:20:35.648253,SENSOR_NODE_02,a000000000000002,25.7,39.5,57200,9664,49364,25792,45988,48448,56092,5056
2025-07-07T12:20:38.816675,SENSOR_NODE_01,a000000000000001,25.7,39.0,47400,2464,38164,5892,27024,59584,37092,46492
2025-07-07T12:20:41.168141,SENSOR_NODE_02,a000000000000002,25.7,39.5,57700,10164,50364,27592,57588,54448,57892,7256
2025-07-07T12:20:44.292725,SENSOR_NODE_01,a000000000000001,25.6,39.0,48000,3364,39364,7492,41424,448,39892,50092
2025-07-07T12:20:47.003544,SENSOR_NODE_02,a000000000000002,25.6,39.5,58400,10964,51364,29292,3752,59848,60092,9956
2025-07-07T12:20:49.918593,SENSOR_NODE_01,a000000000000001,25.7,39.0,47300,2664,38564,6392,25124,51784,38692,48392
2025-07-07T12:20:52.420531,SENSOR_NODE_02,a000000000000002,25.6,39.5,58500,11364,52064,30192,8952,62648,61292,11356
2025-07-07T12:20:55.547792,SENSOR_NODE_01,a000000000000001,25.6,39.0,49000,4864,41464,10892,64324,10948,44492,55792
2025-07-07T12:20:58.052407,SENSOR_NODE_02,a000000000000002,25.7,39.5,60800,14164,56464,36992,56552,18112,5256,22956
2025-07-07T12:21:01.168716,SENSOR_NODE_01,a000000000000001,25.7,39.0,50200,6364,43964,14692,27888,23448,49392,62192
2025-07-07T12:21:03.684493,SENSOR_NODE_02,a000000000000002,25.7,39.5,61400,14864,57364,38592,2316,24312,6656,25156
2025-07-07T12:21:06.803454,SENSOR_NODE_01,a000000000000001,25.7,39.0,51400,8164,46564,18192,57088,38048,55592,4456
2025-07-07T12:21:09.305597,SENSOR_NODE_02,a000000000000002,25.6,39.5,1464,21564,2328,54892,57280,15576,31356,56256
2025-07-07T12:21:12.421079,SENSOR_NODE_01,a000000000000001,25.6,39.0,58100,16764,59764,38492,20980,44712,16856,39156
2025-07-07T12:21:14.937972,SENSOR_NODE_02,a000000000000002,25.7,39.5,2664,22964,4728,58292,17244,27176,31656,56456
2025-07-07T12:21:18.047112,SENSOR_NODE_01,a000000000000001,25.7,39.0,53800,11164,51264,25592,45652,62248,64892,15956
2025-07-07T12:21:20.554990,SENSOR_NODE_02,a000000000000002,25.6,39.5,3064,23664,5628,59492,23844,31976,37956,63956
2025-07-07T12:21:23.870027,SENSOR_NODE_01,a000000000000001,25.7,39.0,564,27364,10128,62892,19972,7640,55256,23020
2025-07-07T12:21:26.199318,SENSOR_NODE_02,a000000000000002,25.6,39.5,21264,45064,38628,45956,21128,27768,40520,19584
2025-07-07T12:21:29.404480,SENSOR_NODE_01,a000000000000001,25.7,39.0,8064,37164,24928,19556,10264,35504,19020,61420
2025-07-07T12:21:31.856028,SENSOR_NODE_02,a000000000000002,25.6,39.5,28764,54064,52028,1320,51656,45632,3884,56484
2025-07-07T12:21:35.132086,SENSOR_NODE_01,a000000000000001,25.7,39.0,8464,37364,25228,20156,17464,38904,14420,55620
2025-07-07T12:21:37.592346,SENSOR_NODE_02,a000000000000002,25.6,39.5,17864,41064,32328,35956,11464,58904,25120,184
2025-07-07T12:21:40.664713,SENSOR_NODE_01,a000000000000001,25.7,39.0,2364,29764,13828,2756,1436,30440,52956,20320
2025-07-07T12:21:43.087157,SENSOR_NODE_02,a000000000000002,25.7,39.5,2664,23364,5528,58992,14144,22376,30456,54156
2025-07-07T12:21:46.167754,SENSOR_NODE_01,a000000000000001,25.6,39.0,52200,9464,49064,21692,352,33448,57692,6056
2025-07-07T12:21:48.855186,SENSOR_NODE_02,a000000000000002,25.7,39.5,62700,16964,61164,43792,22316,23112,12656,31156
2025-07-07T12:21:51.811822,SENSOR_NODE_01,a000000000000001,25.7,38.5,51800,8964,48364,20692,54788,26248,57092,5056
2025-07-07T12:21:54.379814,SENSOR_NODE_02,a000000000000002,25.6,39.5,64600,19464,64864,49592,63216,42112,22056,42856
2025-07-07T12:21:57.454173,SENSOR_NODE_01,a000000000000001,25.7,39.0,59000,18764,63064,42992,41080,46912,25556,49056
2025-07-07T12:21:59.971941,SENSOR_NODE_02,a000000000000002,25.7,39.5,11464,34064,22028,19656,4036,40640,2620,36020
2025-07-07T12:22:03.067497,SENSOR_NODE_01,a000000000000001,25.7,38.5,57900,17164,60564,39492,13280,35512,16256,37256
2025-07-07T12:22:05.592437,SENSOR_NODE_02,a000000000000002,25.6,39.5,1064,21764,2828,55092,40880,63912,27356,49256
2025-07-07T12:22:08.668388,SENSOR_NODE_01,a000000000000001,25.7,38.5,56500,15164,57764,34592,41916,20512,11556,31756
2025-07-07T12:22:11.226528,SENSOR_NODE_02,a000000000000002,25.6,39.5,12064,36364,21928,17856,63372,5504,5320,35420
2025-07-07T12:22:14.299894,SENSOR_NODE_01,a000000000000001,25.7,38.5,64500,25564,7028,57092,27808,46176,39356,2120
2025-07-07T12:22:16.874929,SENSOR_NODE_02,a000000000000002,25.6,39.5,8564,32364,17228,10756,33872,35240,54256,16420
2025-07-07T12:22:19.904036,SENSOR_NODE_01,a000000000000001,25.7,38.5,61700,22164,1928,49492,28244,11176,32856,59056
2025-07-07T12:22:22.519472,SENSOR_NODE_02,a000000000000002,25.6,39.5,15564,38964,28128,27356,39900,37904,16920,55820
2025-07-07T12:22:25.605185,SENSOR_NODE_01,a000000000000001,25.7,38.5,2664,28264,12328,64692,37972,17340,48756,17920
2025-07-07T12:22:28.113664,SENSOR_NODE_02,a000000000000002,25.6,41.0,8464,30764,16428,10356,14272,21040,54456,20120
2025-07-07T12:22:31.167950,SENSOR_NODE_01,a000000000000001,25.6,39.0,58500,17064,60764,39192,12080,40112,16856,40756
2025-07-07T12:22:33.736900,SENSOR_NODE_02,a000000000000002,25.6,41.5,9764,32164,18828,13856,53472,47440,63456,31120
2025-07-07T12:22:36.980019,SENSOR_NODE_01,a000000000000001,25.6,38.5,1964,28664,13028,456,33672,13640,54656,25020
2025-07-07T12:22:39.370932,SENSOR_NODE_02,a000000000000002,25.6,41.0,21064,45864,39428,46556,36328,32168,41120,20384
2025-07-07T12:22:42.509847,SENSOR_NODE_01,a000000000000001,25.6,38.5,64200,24364,6728,56692,20708,37576,37456,2120
2025-07-07T12:22:45.007794,SENSOR_NODE_02,a000000000000002,25.6,40.5,12764,36064,24528,22756,55036,10904,10620,47020
2025-07-07T12:22:48.253074,SENSOR_NODE_01,a000000000000001,25.6,38.5,4464,31464,17128,6356,27936,44040,62156,35120
2025-07-07T12:22:50.627651,SENSOR_NODE_02,a000000000000002,25.7,40.0,23464,47864,42128,48756,29492,17632,35620,16684
2025-07-07T12:22:53.666594,SENSOR_NODE_01,a000000000000001,25.6,38.5,1464,29164,12628,65492,23872,2640,50356,16020
2025-07-07T12:22:56.255940,SENSOR_NODE_02,a000000000000002,25.6,39.5,9464,32764,17628,11456,43872,38240,56356,22120
2025-07-07T12:22:59.294004,SENSOR_NODE_01,a000000000000001,25.6,38.5,2264,30064,14128,2256,38372,10040,59256,27420
2025-07-07T12:23:01.879465,SENSOR_NODE_02,a000000000000002,25.7,40.5,15864,39864,28828,28756,52600,41504,11320,48520
2025-07-07T12:23:04.923423,SENSOR_NODE_01,a000000000000001,25.6,38.5,62100,22864,3528,51592,30444,5976,31856,57056
2025-07-07T12:23:07.512966,SENSOR_NODE_02,a000000000000002,25.6,40.5,11364,35164,21728,17156,21436,53040,64356,31620
2025-07-07T12:23:10.536295,SENSOR_NODE_01,a000000000000001,25.6,38.5,63400,24464,5928,55292,61744,17576,36956,63756
2025-07-07T12:23:13.138238,SENSOR_NODE_02,a000000000000002,25.7,41.0,10864,35164,21828,18456,11936,39040,1720,33720
2025-07-07T12:23:16.203731,SENSOR_NODE_01,a000000000000001,25.6,38.5,63300,24664,5928,55492,62144,16176,37956,64356
2025-07-07T12:23:18.766958,SENSOR_NODE_02,a000000000000002,25.7,41.5,6864,29964,13928,5156,59608,6740,48856,11920
2025-07-07T12:23:21.794140,SENSOR_NODE_01,a000000000000001,25.7,39.0,64800,26664,9228,60292,31108,30576,47556,11620
2025-07-07T12:23:24.401874,SENSOR_NODE_02,a000000000000002,25.7,41.0,15364,40964,29828,30756,48200,30504,17120,53120
2025-07-07T12:23:27.452897,SENSOR_NODE_01,a000000000000001,25.6,38.5,7164,36664,24128,17556,23800,60240,15920,55420
2025-07-07T12:23:30.032634,SENSOR_NODE_02,a000000000000002,25.7,40.5,30264,58464,56028,7120,52620,8896,8284,61184
2025-07-07T12:23:33.088975,SENSOR_NODE_01,a000000000000001,25.6,38.5,13864,45164,36728,36456,57828,15368,39120,20784
2025-07-07T12:23:35.758037,SENSOR_NODE_02,a000000000000002,25.7,41.0,39964,4028,7492,32920,1276,58360,49184,47448
2025-07-07T12:23:38.715918,SENSOR_NODE_01,a000000000000001,25.6,38.5,24764,58664,57528,2420,1248,23296,17484,13148
2025-07-07T12:23:41.288666,SENSOR_NODE_02,a000000000000002,25.7,40.5,40564,3728,8792,35120,62512,55760,41484,37448
2025-07-07T12:23:44.367796,SENSOR_NODE_01,a000000000000001,25.6,38.5,6564,35764,23128,15656,15400,61040,9020,46920
2025-07-07T12:23:46.910183,SENSOR_NODE_02,a000000000000002,25.7,40.0,29264,55964,54528,3620,11620,60232,10884,63084
2025-07-07T12:23:49.948800,SENSOR_NODE_01,a000000000000001,25.6,38.5,20464,53564,49828,56256,29120,31432,3984,60684
2025-07-07T12:23:52.545166,SENSOR_NODE_02,a000000000000002,25.7,40.0,39464,2028,6292,31520,53812,53360,44884,42248
2025-07-07T12:23:55.565203,SENSOR_NODE_01,a000000000000001,25.6,38.5,20064,53164,49128,55156,15320,23332,784,55884
2025-07-07T12:23:58.154234,SENSOR_NODE_02,a000000000000002,25.7,40.5,39364,1928,6292,31020,48912,48160,42984,39648
2025-07-07T12:24:01.170060,SENSOR_NODE_01,a000000000000001,25.6,38.5,19264,52064,47528,52556,60256,13232,61520,49884
2025-07-07T12:24:03.802201,SENSOR_NODE_02,a000000000000002,25.7,40.5,34764,62064,62828,16920,54784,48096,24484,18248
